well_name,x,y,cluster,prob
25-083-21732-00-00,8.1064205,9.442683,4,0.9299093123991067
25-091-21327-00-00,1.5450841,9.111743,2,1.0
25-101-06220-00-00,4.262311,5.9239526,1,1.0
25-105-21351-00-00,3.9239917,8.02866,2,1.0
25-091-21427-00-00,8.361782,10.062317,4,1.0
25-073-05250-00-00,1.2395573,10.116595,2,1.0
25-009-05384-00-00,1.7164134,9.648248,2,1.0
25-083-23162-00-00,7.180604,9.121424,-1,0.0
25-087-21306-00-00,1.6140925,9.082313,2,1.0
25-083-23239-00-00,3.3237433,8.008145,2,0.9985137369877323
25-025-21054-00-00,1.8640072,9.514581,2,1.0
25-101-06291-00-00,8.614721,9.859775,4,1.0
25-101-05788-00-00,2.5549674,8.325287,2,1.0
25-073-05136-00-00,1.0914521,10.057693,2,1.0
25-105-21282-00-00,3.1325433,9.869791,2,1.0
25-035-07193-00-00,3.889991,7.846702,2,1.0
25-083-22575-00-00,6.570566,8.125997,3,0.6298067198804216
25-083-22265-00-00,6.2930884,7.486023,3,0.8557327673107654
25-101-21398-00-00,3.7703788,6.6661386,1,0.9579064571681729
25-083-21490-00-00,7.949092,10.088551,4,1.0
25-101-22551-00-00,8.355465,9.30755,4,0.8766128676547411
25-055-21045-00-00,1.512418,9.294221,2,1.0
25-101-60143-00-00,7.872082,10.101658,4,1.0
25-091-21374-00-00,1.7437238,8.423797,2,1.0
25-087-05281-00-00,4.0046353,5.908376,1,1.0
25-083-23119-00-00,4.972817,8.160851,-1,0.0
25-025-21923-00-00,6.6491427,5.8568616,0,0.8847118267055298
25-025-21762-00-00,7.7157187,9.689392,4,0.7246494776849007
25-073-21638-00-00,2.5603223,8.484786,2,0.9393526694518194
25-091-21664-00-00,1.2319384,9.967913,2,1.0
25-099-21019-00-00,8.103745,5.744628,0,1.0
25-101-22678-00-00,6.264687,6.984416,-1,0.0
25-101-22580-00-00,8.037833,5.860233,0,1.0
25-101-05784-00-00,3.7692814,10.1673765,-1,0.0
25-025-21162-00-00,1.8282751,10.094859,-1,0.0
25-009-05401-00-00,2.0694501,8.395078,2,1.0
25-101-05546-00-00,7.093667,7.035504,-1,0.0
25-099-21056-00-00,7.626946,9.846605,-1,0.0
25-101-06659-00-00,3.865696,8.322066,2,1.0
25-025-21779-00-00,6.651092,5.4972706,0,0.9729578440148935
25-083-22552-00-00,3.1602778,8.055589,2,0.9472516508528683
25-083-22861-00-00,5.670409,7.701146,3,0.837523036716381
25-083-21280-00-00,4.883289,8.640045,-1,0.0
25-091-05059-00-00,6.029508,4.8594875,0,1.0
25-073-05238-00-00,3.5940032,10.437829,2,1.0
25-083-22488-00-00,5.4517727,8.024874,-1,0.0
25-003-22927-00-00,1.9305186,9.576832,2,1.0
25-025-21989-00-00,2.5981867,9.227364,2,1.0
25-101-22593-00-00,3.5118587,9.135056,-1,0.0
25-083-22876-00-00,6.1577387,8.76758,-1,0.0
25-035-21936-00-00,4.463851,7.841303,2,1.0
25-083-23178-00-00,5.637979,7.431004,3,0.6382431191333613
25-091-21361-00-00,3.63971,7.6921244,2,1.0
25-087-21550-00-00,7.5434976,6.0239315,0,1.0
25-085-21912-00-00,2.2929265,8.224606,2,0.8983620501150161
25-083-21955-00-00,6.7748404,8.117125,3,0.8141146206130871
25-083-23087-00-00,6.189257,7.5409126,3,0.9459144989155106
25-005-23649-00-00,3.7528868,8.1565895,2,1.0
25-005-05142-00-00,1.5752019,9.75978,2,1.0
25-101-22569-00-00,7.8866544,9.531177,4,0.9153184526790762
25-025-23047-00-00,3.0714386,8.774494,-1,0.0
25-033-21130-00-00,4.9186687,5.9436283,1,1.0
25-009-05356-00-00,7.8528676,10.069232,4,1.0
25-073-60001-00-00,6.0561523,7.4533625,3,0.7499632891125906
25-009-05026-00-00,8.079627,9.737064,4,0.9299093123991067
25-087-21548-00-00,7.704117,5.3551764,0,1.0
25-083-22587-00-00,6.6189823,7.786082,3,1.0
25-085-21799-00-00,6.500602,6.0876966,-1,0.0
25-083-23405-00-00,4.7673607,5.9700446,1,1.0
25-083-22492-00-00,6.400119,8.16731,-1,0.0
25-025-21555-00-00,5.4917,8.073738,-1,0.0
25-051-21330-00-00,8.1043215,9.519495,4,0.9299093123991067
25-085-21671-00-00,1.8675008,8.38933,2,1.0
25-025-23097-00-00,1.5603132,8.851392,2,1.0
25-025-22450-00-00,2.7802446,10.112693,2,0.8723785944204612
25-085-05118-00-00,1.1905621,10.08282,2,1.0
25-065-05128-00-00,0.93327594,10.1597,2,1.0
25-095-21275-00-00,2.2008336,9.613074,2,0.9261761611300775
25-083-23121-00-00,7.7021346,9.540977,4,0.9299093123991067
25-101-22425-00-00,0.9325576,9.763005,2,1.0
25-101-09855-00-00,1.4806314,9.795695,2,1.0
25-085-05086-00-00,1.2809287,9.221867,2,1.0
25-035-06832-00-00,8.16866,10.1553955,4,1.0
25-083-22547-00-00,7.267179,8.857751,3,0.6311557862183116
25-091-05106-00-00,0.930364,10.223045,2,1.0
25-025-21374-00-00,8.476074,10.062724,4,1.0
25-101-10188-00-00,8.114853,5.7791786,0,1.0
25-083-22414-00-00,7.2512465,8.201859,3,0.8601054030912457
25-073-05111-00-00,1.0654095,10.108837,2,1.0
25-009-05403-00-00,1.9877875,9.840537,2,0.8500083246658371
25-065-21627-00-00,5.8924675,7.6424174,3,0.7958120986974726
25-091-05184-00-00,1.8275229,8.660175,2,1.0
25-083-22485-00-00,7.1873474,8.3558235,3,0.9255911854763396
25-085-05112-00-00,1.5496752,8.802556,2,1.0
25-101-22684-00-00,8.205703,8.923876,-1,0.0
25-091-21598-00-00,3.1476445,8.405642,2,0.9171011659092685
25-085-21643-00-00,2.2520664,8.717548,2,1.0
25-083-22090-00-00,6.831731,6.971029,-1,0.0
25-101-60137-00-00,7.823716,10.155812,4,1.0
25-085-21939-00-00,4.2837124,8.013328,2,1.0
25-035-21214-00-00,3.349261,10.216103,2,1.0
25-025-22348-00-00,3.8780131,9.676888,-1,0.0
25-005-23796-00-00,1.0021023,9.937306,2,1.0
25-083-21290-00-00,2.4430144,9.561269,2,1.0
25-083-22137-00-00,7.2088428,7.881384,3,0.9224927394724839
25-003-05083-00-00,0.73868173,9.893897,2,0.8912806907111822
25-091-21785-00-00,1.7678931,8.844335,2,1.0
25-083-21244-00-00,7.1065855,9.003295,-1,0.0
25-085-21832-00-00,4.256102,8.591435,-1,0.0
25-083-22745-00-00,5.1752725,7.8027067,2,0.8420195387557335
25-073-05235-00-00,0.98878837,10.131196,2,1.0
25-025-21780-00-00,6.6376514,5.552012,0,0.9759098644160507
25-035-21631-00-00,8.115501,9.371431,4,0.9299093123991067
25-083-22557-00-00,6.568093,7.6134906,3,1.0
25-035-06946-00-00,3.0404942,10.318992,2,0.9727098626631058
25-065-05164-00-00,0.9626852,9.79033,2,1.0
25-083-22538-00-00,5.840551,7.578951,3,0.8274508478264582
25-083-22635-00-00,6.6133757,8.052464,3,0.6606511009762405
25-085-21785-00-00,3.94218,8.101592,2,1.0
25-085-05085-00-00,1.3330783,9.898243,2,1.0
25-083-22101-00-00,6.9138656,7.1352277,3,0.5604790609955678
25-083-23346-00-00,2.6881588,8.13611,2,1.0
25-005-05054-00-00,2.9232004,10.144827,2,0.9738638978980563
25-009-21083-00-00,6.1095877,4.7725925,0,1.0
25-051-21466-00-00,8.275586,10.159736,4,1.0
25-087-21529-00-00,7.483896,8.425844,3,0.7389541621416784
25-101-23271-00-00,3.3947945,8.986721,-1,0.0
25-083-22493-00-00,6.9843464,7.748463,3,1.0
25-035-21168-00-00,2.9353342,9.223893,-1,0.0
25-101-07145-00-00,1.3874637,9.82127,2,1.0
25-101-24096-00-00,5.6401553,5.0187855,0,0.9584599075627913
25-083-22971-00-00,2.9248636,8.058417,2,1.0
25-083-23168-00-00,4.219059,7.836498,2,1.0
25-009-21258-00-00,3.6861882,6.6807175,1,0.8169438137199064
25-101-06828-00-00,7.503504,7.1304727,-1,0.0
25-073-05116-00-00,1.5504025,8.805723,2,1.0
25-025-21584-00-00,2.0533576,8.637272,2,1.0
25-101-05649-00-00,6.733542,5.359873,0,1.0
25-083-22425-00-00,7.1945605,8.609473,3,0.748366808696642
25-083-22062-00-00,7.178119,8.630089,3,0.7344552892808346
25-101-22529-00-00,7.384739,7.3642893,-1,0.0
25-035-08655-00-00,1.2356107,9.788768,2,1.0
25-073-05311-00-00,3.3251114,10.28296,2,1.0
25-101-06477-00-00,7.961108,5.6127744,0,1.0
25-073-05295-00-00,3.2755675,10.300343,2,1.0
25-083-21852-00-00,2.5180233,9.023576,2,0.8247098833163297
25-091-21550-00-00,4.6902056,7.306277,-1,0.0
25-105-21413-00-00,3.144433,9.946762,2,1.0
25-009-21088-00-00,7.260321,4.6595626,0,1.0
25-005-23817-00-00,3.6645792,7.281405,-1,0.0
25-091-21920-00-00,4.1124063,7.428467,-1,0.0
25-101-24153-00-00,1.9333956,8.394898,2,1.0
25-101-22668-00-00,3.4453504,10.086322,2,1.0
25-083-22202-00-00,6.6354074,7.8656726,3,0.9074600697966752
25-083-22195-00-00,6.9640846,8.09238,3,1.0
25-101-07519-00-00,8.513506,9.971129,4,1.0
25-073-60054-00-00,3.3885915,9.069364,-1,0.0
25-083-22233-00-00,7.1531277,8.271837,3,0.8984786675416567
25-065-05126-00-00,1.009233,10.035896,2,1.0
25-083-21806-00-00,5.798279,7.760565,3,0.8356867417170746
25-085-21895-00-00,3.5318892,8.032614,2,1.0
25-101-06986-00-00,6.1672,4.6780796,0,1.0
25-005-05068-00-00,1.731505,9.202453,2,1.0
25-099-21068-00-00,3.3805022,10.110376,2,1.0
25-075-21480-00-00,5.9465885,4.660617,0,1.0
25-025-21858-00-00,6.470993,5.316834,0,1.0
25-003-05057-00-00,1.1393819,9.6600485,2,1.0
25-085-21860-00-00,3.8287327,7.830276,2,1.0
25-025-22260-00-00,3.3030722,10.340143,2,1.0
25-083-23102-00-00,6.9501305,8.7034025,3,0.589229915852253
25-073-21668-00-00,0.5210641,9.965455,2,1.0
25-101-09910-00-00,7.210097,4.644692,0,1.0
25-091-05196-00-00,4.467831,6.028742,1,1.0
25-101-21001-00-00,8.126362,5.7100787,0,1.0
25-101-09949-00-00,7.957014,5.6049876,0,1.0
25-025-60014-00-00,3.1671228,10.084258,2,1.0
25-083-21582-00-00,1.9219092,9.634478,2,1.0
25-101-22192-00-00,7.864025,8.292093,-1,0.0
25-101-60073-00-00,7.750616,5.754694,0,1.0
25-025-21661-00-00,6.6938186,5.3739743,0,1.0
25-005-22565-00-00,4.166783,8.15444,2,1.0
25-085-05255-00-00,0.9983496,9.861171,2,1.0
25-101-23181-00-00,6.904992,7.979358,3,1.0
25-065-21380-00-00,3.3728309,7.443871,-1,0.0
25-083-21536-00-00,4.4296136,6.0467153,1,0.9727576406485624
25-035-21376-00-00,6.22256,7.3118267,3,0.6730441563502977
25-073-21134-00-00,3.3903143,9.122955,-1,0.0
25-083-22136-00-00,4.1318355,7.789227,2,1.0
25-101-22568-00-00,7.881264,9.524863,4,0.9299093123991067
25-083-22510-00-00,6.877696,8.4144535,3,0.7894999500458689
25-065-21210-00-00,5.408194,7.3132086,-1,0.0
25-083-22296-00-00,5.6249065,8.031163,-1,0.0
25-083-22818-00-00,8.213177,9.531948,4,0.9299093123991067
25-035-05729-00-00,7.758911,9.425059,4,0.8386397821952204
25-025-21361-00-00,6.7888045,8.4444475,3,0.7462186275329885
25-035-05439-00-00,7.631868,5.7758107,0,1.0
25-083-22661-00-00,6.7572303,8.284661,3,0.8107090362669985
25-083-21690-00-00,7.0642834,8.453526,3,0.8203802249157468
25-065-21807-00-00,1.9719907,8.60295,2,1.0
25-091-21155-00-00,1.1045301,9.776681,2,1.0
25-083-22708-00-00,5.038902,7.8232727,2,0.8420195387557335
25-025-21273-00-00,2.3124697,8.832785,2,0.8907619959604937
25-083-23430-00-00,6.0222263,5.566919,0,1.0
25-069-21116-00-00,1.5805591,8.476996,2,0.9629501160773952
25-101-06718-00-00,4.6991587,6.417498,-1,0.0
25-025-23062-00-00,4.314118,7.762741,2,1.0
25-083-22123-00-00,7.603203,8.88368,3,0.7153147842208586
25-101-60150-00-00,8.327815,9.187417,4,0.8766128676547411
25-101-24281-00-00,7.2657156,4.7843165,0,1.0
25-073-07023-00-00,1.1987745,9.945128,2,1.0
25-083-22588-00-00,7.252674,6.366091,0,0.841065535416138
25-101-23515-00-00,4.2992816,6.0365067,1,1.0
25-101-10070-00-00,4.3489494,6.8370433,-1,0.0
25-083-23191-00-00,5.6998696,7.664695,3,0.837523036716381
25-101-09781-00-00,7.0486765,8.092493,3,1.0
25-083-22260-00-00,7.267632,8.533994,3,0.8054804363812536
25-009-21204-00-00,1.2592237,9.390986,2,1.0
25-101-06441-00-00,7.0426364,4.641738,0,1.0
25-101-22218-00-00,7.83727,8.286141,3,0.5844313485590401
25-101-06720-00-00,7.4569297,6.416017,0,0.9158592912089134
25-083-22346-00-00,6.1165347,7.248127,3,0.5896940552300687
25-085-21695-00-00,1.864793,10.161365,-1,0.0
25-085-05114-00-00,1.3723336,9.589159,2,1.0
25-083-22664-00-00,6.4206014,7.486187,3,0.7736095785212359
25-065-05306-00-00,2.3768501,9.308537,2,1.0
25-083-22386-00-00,6.96615,8.028955,3,1.0
25-083-22896-00-00,5.2779374,7.7753325,2,0.8420195387557335
25-101-05984-00-00,4.4789276,7.6081295,2,0.9229872211756449
25-083-22415-00-00,6.4207344,7.8523636,3,0.7502340013526277
25-025-21440-00-00,3.8180513,8.177543,2,1.0
25-035-05334-00-00,1.093322,9.737922,2,1.0
25-025-21077-00-00,2.6881185,10.159389,-1,0.0
25-101-06320-00-00,7.0527406,4.95955,0,1.0
25-083-21060-00-00,7.518894,5.8604064,0,1.0
25-101-07113-00-00,2.5647051,8.90619,2,0.8503172331597275
25-083-23432-00-00,5.8597245,5.6146517,0,0.8313659686467552
25-009-21238-00-00,4.028606,8.093948,2,1.0
25-085-05154-00-00,7.7659373,9.571509,4,0.9299093123991067
25-101-09935-00-00,7.351207,4.7880034,0,1.0
25-065-21115-00-00,4.1275063,5.8944516,1,1.0
25-083-23256-00-00,3.6276994,7.8083687,2,1.0
25-101-06449-00-00,1.180586,9.477981,2,1.0
25-083-22291-00-00,6.846418,7.800896,3,1.0
25-083-21809-00-00,3.2759094,9.89438,2,1.0
25-083-22517-00-00,6.258035,5.8162427,0,0.7792639177469428
25-101-22594-00-00,3.4865057,9.175559,-1,0.0
25-025-23095-00-00,1.8008715,8.463269,2,1.0
25-083-21880-00-00,2.4592302,9.27136,2,0.9007021794081672
25-101-09936-00-00,7.4059215,4.795856,0,1.0
25-025-21527-00-00,4.1656895,7.8018003,2,1.0
25-065-21673-00-00,3.6169527,6.601598,1,0.7120325201150494
25-085-21262-00-00,4.269278,6.653302,1,0.8526769959221271
25-065-05270-00-00,0.86341804,9.634585,2,1.0
25-101-60151-00-00,7.699553,10.002528,4,0.8499970710086039
25-101-06705-00-00,4.3675704,6.305563,1,0.8208612663494304
25-101-60157-00-00,8.3955145,9.199597,4,0.8766128676547411
25-101-21075-00-00,6.9431458,7.9096217,3,1.0
25-101-22452-00-00,6.7630816,5.217558,0,1.0
25-087-21336-00-00,3.7791786,10.108764,-1,0.0
25-101-22596-00-00,3.8581798,10.215023,-1,0.0
25-083-22099-00-00,7.334774,4.778907,0,1.0
25-083-21875-00-00,4.1308923,8.179905,2,1.0
25-083-22851-00-00,2.9443545,8.05548,2,1.0
25-101-10264-00-00,5.3366394,6.1173754,-1,0.0
25-083-22935-00-00,5.0712404,7.6407275,2,0.8420195387557335
25-083-21903-00-00,6.9621058,8.717439,3,0.5965957667778751
25-083-22668-00-00,4.9328656,7.964958,-1,0.0
25-075-22476-00-00,5.9385896,7.099243,-1,0.0
25-085-05056-00-00,1.034143,9.796424,2,1.0
25-083-22545-00-00,6.1751084,7.3916407,3,0.8983201688335383
25-083-22141-00-00,6.963132,8.131759,3,0.9317624086176727
25-035-06823-00-00,7.0691314,8.0810175,3,1.0
25-101-09912-00-00,7.709124,5.37448,0,1.0
25-083-22225-00-00,6.1593223,7.6215687,3,0.8847433739047246
25-009-05048-00-00,1.8144614,9.491626,2,1.0
25-101-06907-00-00,4.04872,8.643662,2,0.8391074922110333
25-083-22979-00-00,4.787204,7.6875405,-1,0.0
25-101-09944-00-00,3.7860827,7.9633985,2,1.0
25-083-22466-00-00,7.4675803,9.109682,3,0.6112785798493413
25-073-05255-00-00,1.4372455,9.841911,2,1.0
25-065-21588-00-00,3.7539468,9.686721,-1,0.0
25-025-05466-00-00,1.1730415,9.824769,2,1.0
25-033-21110-00-00,2.2961493,8.880793,2,0.8804745006423398
25-083-21769-00-00,2.2417772,8.644498,2,1.0
25-025-21987-00-00,2.6101012,9.45205,2,1.0
25-083-23045-00-00,3.648276,7.8089447,2,1.0
25-009-21169-00-00,7.3791766,8.402822,3,0.8356475576215426
25-083-22056-00-00,2.6503172,8.497585,2,0.9290723652581704
25-101-60154-00-00,8.432691,9.194836,4,0.8766128676547411
25-025-22034-00-00,3.4599986,10.233224,2,1.0
25-083-22628-00-00,5.917182,7.836376,3,0.704641663642638
25-051-05436-00-00,7.678263,8.964597,3,0.7244554985318337
25-073-05221-00-00,2.863009,10.345197,-1,0.0
25-083-21636-00-00,2.0256479,9.57289,2,1.0
25-005-07001-00-00,2.0844407,8.700402,2,1.0
25-101-10086-00-00,6.7930655,5.9930825,0,0.7438861550946765
25-083-21622-00-00,2.1585164,9.42583,2,0.9733716725221709
25-025-21532-00-00,3.5579574,8.365417,2,0.9011327606684499
25-085-05150-00-00,1.0098888,9.883346,2,1.0
25-099-21212-00-00,8.219416,9.689716,4,0.8816410397768665
25-005-22529-00-00,1.9489232,8.990943,2,1.0
25-083-22243-00-00,7.0467043,7.9671106,3,1.0
25-101-10220-00-00,7.883462,5.5309653,0,1.0
25-075-21121-00-00,3.9734998,6.6102366,1,1.0
25-101-06859-00-00,6.344469,4.883621,0,1.0
25-083-22903-00-00,5.6655254,7.673059,3,0.837523036716381
25-035-21226-00-00,5.9837203,4.9134283,0,1.0
25-035-21241-00-00,5.605318,5.1478214,0,0.8490257945233249
25-101-22518-00-00,3.501765,9.122323,-1,0.0
25-083-21119-00-00,3.7393022,10.221202,2,0.9015090600281324
25-101-22485-00-00,8.372911,10.321114,4,0.7706994114765594
25-085-05059-00-00,8.056258,5.6956253,0,1.0
25-073-21680-00-00,7.778542,8.741567,-1,0.0
25-025-21553-00-00,6.724025,4.685303,0,1.0
25-101-10194-00-00,0.9019079,9.458503,2,0.8898117595817148
25-073-05271-00-00,4.159248,8.1672125,2,1.0
25-005-05123-00-00,2.8531477,8.067834,2,1.0
25-083-21492-00-00,3.324726,10.233287,2,1.0
25-083-23015-00-00,4.3525987,7.8755736,2,1.0
25-073-05333-00-00,3.567364,9.789117,2,0.9380618875086845
25-091-21714-00-00,7.6592526,9.388205,4,0.6710388763869711
25-009-21299-00-00,5.1050973,6.474524,-1,0.0
25-035-21633-00-00,4.058613,5.8871217,1,1.0
25-101-09907-00-00,0.867475,9.517943,2,0.9046357371082578
25-101-05993-00-00,3.6561363,10.429737,2,0.9556602108680297
25-083-21758-00-00,2.2425272,8.740502,2,1.0
25-085-05101-00-00,2.7371314,8.13878,2,1.0
25-035-05592-00-00,3.620944,9.079632,-1,0.0
25-101-05438-00-00,1.8445444,8.575879,2,1.0
25-101-06867-00-00,3.9053018,9.320188,-1,0.0
25-075-21303-00-00,5.9806485,4.642836,0,1.0
25-101-22558-00-00,7.8331556,8.250193,-1,0.0
25-025-21497-00-00,3.053989,9.402965,2,0.8882414687167074
25-073-21584-00-00,3.0635247,8.559467,-1,0.0
25-101-09909-00-00,3.6563318,6.062949,-1,0.0
25-087-05318-00-00,1.111583,10.032688,2,1.0
25-083-22095-00-00,5.7940364,8.057217,-1,0.0
25-025-21729-00-00,3.6255631,9.40709,-1,0.0
25-083-22005-00-00,7.941936,9.293533,4,0.7292817329967854
25-091-21613-00-00,3.3917348,8.314698,2,1.0
25-009-05016-00-00,8.297054,10.171786,4,1.0
25-073-05308-00-00,3.2614462,9.502155,-1,0.0
25-035-05066-00-00,1.6184253,9.226668,2,1.0
25-083-22258-00-00,6.5832963,7.960718,3,0.7399892882239882
25-101-05980-00-00,7.1078243,4.611768,0,1.0
25-101-24217-00-00,6.7918777,5.894919,0,0.8689602137217983
25-101-21927-00-00,8.268025,9.875294,4,0.9991085229599286
25-065-21124-00-00,1.0583667,10.267827,2,1.0
25-101-10141-00-00,0.82281446,9.220495,-1,0.0
25-025-22036-00-00,2.5861015,8.701368,-1,0.0
25-083-21306-00-00,2.727368,9.536487,2,0.9329072203644486
25-025-21463-00-00,5.9678116,8.170215,-1,0.0
25-083-23376-00-00,4.930874,6.1636443,1,0.9536922195013601
25-083-21220-00-00,3.0758667,9.571619,2,0.9480011176531757
25-035-07261-00-00,2.7561913,8.1723995,2,1.0
25-087-05315-00-00,4.0278854,6.093538,1,1.0
25-085-21473-00-00,7.84632,9.990848,4,1.0
25-105-21417-00-00,7.2724333,8.874543,3,0.6419683398409601
25-083-22623-00-00,6.742167,7.567384,3,0.9218907926418658
25-083-22867-00-00,5.9850545,7.6281934,3,0.837523036716381
25-055-21208-00-00,4.0137377,6.7326975,1,0.9031595470151461
25-083-22454-00-00,7.1841354,7.8695264,3,0.9498510742993994
25-083-22041-00-00,6.9607778,7.7168617,3,1.0
25-101-07530-00-00,7.695073,5.339345,0,1.0
25-005-23804-00-00,3.9592032,6.2957735,1,1.0
25-105-21281-00-00,3.8260646,9.376841,-1,0.0
25-025-21277-00-00,2.7622974,9.296384,2,0.9144730772220763
25-083-22283-00-00,6.42513,8.121323,3,0.5692171067238957
25-035-21343-00-00,7.52072,6.6014886,-1,0.0
25-035-21157-00-00,2.5057833,9.1346245,2,0.8583003181278196
25-101-06427-00-00,3.8154087,6.46016,1,1.0
25-101-09894-00-00,6.359355,5.0455346,0,1.0
25-101-06040-00-00,4.4023795,7.541428,2,0.8416967049215084
25-105-21574-00-00,3.0654087,10.126551,2,1.0
25-099-21228-00-00,4.2783647,5.9168453,1,1.0
25-101-09891-00-00,6.371438,4.988634,0,1.0
25-101-09897-00-00,4.1812043,6.87523,1,0.8732145400038449
25-083-21284-00-00,2.8029346,8.25712,2,1.0
25-101-06683-00-00,4.4352794,6.5192695,1,0.8071816677727144
25-083-22236-00-00,6.416662,7.726363,3,0.8294719140812175
25-101-10371-00-00,6.2780337,7.462277,3,0.843833179692613
25-101-06362-00-00,8.654941,9.858153,4,0.9343423838578961
25-091-21592-00-00,1.425131,9.467539,2,1.0
25-083-22542-00-00,6.4709616,7.649265,3,0.9459144989155106
25-005-23830-00-00,7.1739106,7.683191,3,0.8267978715009799
25-101-22350-00-00,2.7893245,9.6244335,2,1.0
25-075-21367-00-00,7.0404706,4.8900347,0,1.0
25-083-22928-00-00,5.834597,6.962224,-1,0.0
25-005-23816-00-00,5.6771007,7.1986794,-1,0.0
25-101-06360-00-00,5.325021,5.8694987,-1,0.0
25-101-06539-00-00,7.0824237,7.7873793,3,1.0
25-085-21206-00-00,1.8633807,10.238053,-1,0.0
25-021-05135-00-00,3.4906657,9.995104,2,1.0
25-083-21540-00-00,7.035286,4.620148,0,1.0
25-105-21410-00-00,7.5156612,9.941153,-1,0.0
25-091-21630-00-00,1.6869358,8.8410635,2,1.0
25-101-21359-00-00,7.812636,9.125988,-1,0.0
25-091-21704-00-00,0.96995187,10.239809,2,1.0
25-101-10027-00-00,8.519514,9.935149,4,1.0
25-073-21503-00-00,0.44154376,9.93703,2,1.0
25-101-09929-00-00,3.7949996,6.662039,1,1.0
25-021-21181-00-00,7.5949607,9.04928,3,0.7244554985318337
25-003-21125-00-00,2.150932,8.975598,2,0.9488195468375085
25-083-22451-00-00,6.8873096,8.08782,3,1.0
25-085-22009-00-00,4.68523,6.0654135,1,1.0
25-101-22746-00-00,7.2951074,6.772086,-1,0.0
25-025-21380-00-00,2.803459,9.465582,2,0.9839182993743517
25-009-05042-00-00,7.554136,6.0522003,0,1.0
25-083-22881-00-00,5.3817096,7.98303,2,0.8369981607374332
25-083-22902-00-00,4.401118,8.070126,2,0.9547296760326343
25-025-21486-00-00,6.8864655,8.92938,-1,0.0
25-099-05320-00-00,3.8477647,6.468163,1,1.0
25-085-21836-00-00,4.0698175,7.9964895,2,1.0
25-101-06439-00-00,3.9650266,6.367887,1,0.996614017659994
25-101-06000-00-00,8.608481,9.79269,4,0.8606945970471274
25-073-21535-00-00,7.057048,7.886923,3,1.0
25-083-22710-00-00,5.89201,7.6795783,3,0.837523036716381
25-055-21128-00-00,3.935829,6.905557,1,0.8036394944996497
25-101-22320-00-00,7.47057,9.484374,-1,0.0
25-101-60256-00-00,8.526957,10.052239,4,0.973855750032717
25-101-23174-00-00,4.813234,7.9033494,-1,0.0
25-003-21142-00-00,6.741137,7.3284926,3,0.6172011828678461
25-091-05156-00-00,5.464946,5.472131,0,0.8257576313253877
25-083-21153-00-00,5.8147893,7.6816893,3,0.837523036716381
25-083-21303-00-00,6.5688176,7.5291963,3,0.8692316355895124
25-065-21208-00-00,8.515777,9.794758,4,0.977443762976481
25-083-23218-00-00,4.068868,7.6346893,2,1.0
25-009-21014-00-00,1.7884017,9.54751,2,1.0
25-083-22507-00-00,4.082821,8.577403,2,0.8562082556832264
25-087-21527-00-00,7.4362526,6.0762844,0,1.0
25-035-21239-00-00,3.0675614,9.480717,2,0.8305284930106016
25-099-05205-00-00,6.8466372,7.6655746,3,1.0
25-083-22735-00-00,6.6291647,7.7854085,3,1.0
25-083-22100-00-00,7.081537,8.262258,3,0.8684242435461333
25-009-21225-00-00,7.480457,9.011865,3,0.7244554985318337
25-101-09925-00-00,3.7053187,6.0026364,1,0.7234525600897126
25-101-07542-00-00,7.624922,5.480804,0,1.0
25-101-60145-00-00,7.907097,10.106319,4,1.0
25-101-05869-00-00,7.5338397,6.0319123,0,1.0
25-111-21176-00-00,7.1787643,5.9978266,0,0.9018753946747686
25-025-21549-00-00,4.346951,8.221637,2,1.0
25-105-21226-00-00,3.3763664,7.5697813,-1,0.0
25-005-23724-00-00,3.4896536,7.7195296,2,1.0
25-101-24189-00-00,2.9946568,7.8789363,2,0.8143321674040103
25-101-60258-00-00,8.532652,10.040688,4,0.9819955684042521
25-083-21275-00-00,2.468801,9.677457,2,0.9281116080827999
25-101-22686-00-00,3.8725529,10.214538,-1,0.0
25-073-21670-00-00,0.50056,9.99152,2,1.0
25-083-21329-00-00,3.7772,9.914655,2,0.9024590652292149
25-083-22115-00-00,7.2789335,8.746617,3,0.7246426343997141
25-083-22832-00-00,7.081655,8.488105,3,0.8268394035762333
25-099-21235-00-00,8.157794,9.820564,4,1.0
25-101-10195-00-00,7.3868933,4.8213425,0,1.0
25-025-21494-00-00,3.9306312,8.940958,-1,0.0
25-083-21273-00-00,6.8410044,7.3857493,3,0.6932036917804958
25-085-05065-00-00,1.1993442,10.061047,2,1.0
25-101-22863-00-00,6.3919053,4.741316,0,1.0
25-075-21642-00-00,7.1298957,4.894641,0,1.0
25-101-09963-00-00,5.9366765,6.9834385,-1,0.0
25-085-05051-00-00,0.7173495,10.168988,2,1.0
25-073-05227-00-00,1.3906159,9.163565,2,1.0
25-009-05022-00-00,7.176038,4.6453815,0,1.0
25-085-21900-00-00,5.998595,4.961709,0,1.0
25-009-21234-00-00,8.295798,9.135649,4,0.8766128676547411
25-083-22666-00-00,5.5606337,7.9963684,-1,0.0
25-101-07380-00-00,7.1938944,7.345321,3,0.5976742644287105
25-051-05343-00-00,6.9875975,7.7042646,3,1.0
25-099-05308-00-00,2.712443,7.666091,-1,0.0
25-083-22442-00-00,6.2231064,7.5565557,3,0.9074450630284712
25-009-05057-00-00,7.8033633,8.803291,-1,0.0
25-073-05237-00-00,1.6743672,8.926707,2,1.0
25-101-10310-00-00,7.318013,4.868796,0,1.0
25-069-21072-00-00,3.4705687,10.277508,2,1.0
25-101-24220-00-00,6.32094,8.590764,-1,0.0
25-101-09914-00-00,1.09254,10.3453865,2,1.0
25-101-23170-00-00,6.6020074,8.489908,-1,0.0
25-065-21013-00-00,0.9893274,10.029767,2,1.0
25-009-05004-00-00,8.369597,10.093815,4,1.0
25-025-21597-00-00,2.1414785,9.722396,2,0.9698099063401571
25-073-21552-00-00,7.087039,7.789971,3,1.0
25-009-21119-00-00,5.8840437,8.008748,-1,0.0
25-085-21733-00-00,2.8754153,7.9765124,2,1.0
25-025-21420-00-00,2.7782102,8.727185,-1,0.0
25-083-22267-00-00,6.2176294,7.9469132,3,0.5692171067238957
25-085-21256-00-00,3.3325198,10.3264065,2,1.0
25-065-21035-00-00,1.7596155,9.091379,2,1.0
25-083-22421-00-00,3.785785,8.021214,2,1.0
25-083-22495-00-00,6.913594,7.744551,3,1.0
25-083-22461-00-00,6.7267203,7.7609296,3,1.0
25-055-21070-00-00,2.2500367,8.573178,2,0.9588624894933208
25-085-21105-00-00,2.2276826,9.387623,2,1.0
25-083-23143-00-00,3.9534633,7.9724436,2,1.0
25-101-06433-00-00,5.8119345,4.7419853,0,1.0
25-085-21476-00-00,3.10222,9.971782,2,1.0
25-101-09943-00-00,3.686136,7.9453754,2,1.0
25-035-21166-00-00,3.9889774,7.7179437,2,1.0
25-025-21360-00-00,4.089014,10.218721,-1,0.0
25-101-22643-00-00,3.4806046,7.1908903,-1,0.0
25-065-21192-00-00,7.367447,4.849682,0,1.0
25-083-22344-00-00,7.2439137,6.397795,0,0.8310337446070224
25-101-09902-00-00,2.1730032,8.129059,-1,0.0
25-101-22413-00-00,0.93143266,9.709803,2,1.0
25-083-22914-00-00,4.1542163,7.8022537,2,1.0
25-083-22523-00-00,7.3783956,6.4278407,0,0.86270172314174
25-003-05069-00-00,1.5403986,8.403812,-1,0.0
25-101-60048-00-00,8.226865,9.98851,4,1.0
25-083-22159-00-00,7.355285,7.894854,3,0.5957834361648203
25-075-22115-00-00,2.098195,8.687025,2,1.0
25-035-06818-00-00,8.02391,9.866798,4,0.9658656908688275
25-101-22339-00-00,3.2385113,9.980135,2,1.0
25-085-21806-00-00,3.3731518,7.8580337,2,0.9721111172644079
25-085-21810-00-00,3.6233642,8.021085,2,1.0
25-085-05104-00-00,7.743355,8.115408,-1,0.0
25-101-06113-00-00,4.5837393,9.563031,-1,0.0
25-073-21052-00-00,6.554876,4.788485,0,1.0
25-009-21257-00-00,6.992177,4.606191,0,1.0
25-101-06069-00-00,6.2219753,5.387171,0,1.0
25-025-21831-00-00,4.475647,6.5395083,1,0.7245606735045368
25-101-06692-00-00,7.6650743,5.4400353,0,1.0
25-083-22287-00-00,5.120111,7.5586033,2,0.8285288249045355
25-069-21025-00-00,1.0109737,10.263365,2,1.0
25-009-21013-00-00,2.410441,9.815782,2,1.0
25-101-21749-00-00,8.436689,9.223101,4,0.8766128676547411
25-091-21222-00-00,2.9028316,9.708725,2,1.0
25-035-06567-00-00,7.8062496,5.5353966,0,1.0
25-025-22237-00-00,2.9829965,10.054158,2,1.0
25-085-05163-00-00,7.9057612,5.6054907,0,1.0
25-085-21240-00-00,3.4814162,9.749503,2,0.9122505253641452
25-083-23227-00-00,6.761461,8.519334,3,0.6573779302407403
25-009-60035-00-00,7.7340183,9.443927,4,0.7778366320444816
25-083-21502-00-00,1.7666515,10.005595,2,0.8312420218585448
25-035-60013-00-00,7.757387,7.9692974,-1,0.0
25-091-21739-00-00,3.5097418,7.6888976,2,1.0
25-101-10152-00-00,2.6365852,8.321389,2,1.0
25-073-05175-00-00,3.5879557,10.502633,2,1.0
25-035-07212-00-00,4.647494,6.134897,1,1.0
25-083-22184-00-00,5.8867044,7.5700426,3,0.8252410396596407
25-009-21227-00-00,7.782342,8.399929,3,0.565174284312115
25-091-21763-00-00,3.3799932,8.162589,2,1.0
25-101-07534-00-00,7.2441897,6.917814,-1,0.0
25-005-23805-00-00,1.7015306,8.60051,2,1.0
25-025-21021-00-00,7.494527,4.9350114,0,1.0
25-083-22879-00-00,3.989123,7.6418924,2,0.9966161386086358
25-087-21261-00-00,4.247679,5.786545,1,0.90979435649578
25-009-05361-00-00,8.110656,10.130235,4,1.0
25-101-60047-00-00,7.9610763,10.030247,4,1.0
25-055-21100-00-00,1.1801829,10.012763,2,1.0
25-025-21694-00-00,4.4119635,8.816023,-1,0.0
25-101-06409-00-00,3.9354458,5.9455934,1,1.0
25-035-06826-00-00,7.8570213,10.069487,4,1.0
25-101-07609-00-00,7.165747,7.241026,3,0.6139839296934008
25-025-21519-00-00,2.3598485,8.146542,2,1.0
25-101-60140-00-00,8.315872,9.27912,4,0.8766128676547411
25-101-07518-00-00,7.934019,9.925442,4,1.0
25-083-22632-00-00,6.690793,7.8779387,3,0.9361969890864005
25-099-21060-00-00,6.3419833,6.587749,-1,0.0
25-025-21278-00-00,3.911585,8.531445,2,0.8506761012090838
25-087-21050-00-00,6.016036,5.147268,0,1.0
25-083-22263-00-00,6.6007676,7.7529435,3,1.0
25-035-08690-00-00,4.3733726,8.405222,-1,0.0
25-085-21640-00-00,7.6406603,8.902634,3,0.7244554985318337
25-075-21299-00-00,1.0999578,9.424576,2,0.9607389297819554
25-083-22416-00-00,7.0542917,6.5807085,-1,0.0
25-083-22395-00-00,6.534369,7.5763283,3,0.9738021885602706
25-085-21814-00-00,5.1498866,7.881461,2,0.8420195387557335
25-025-22338-00-00,1.7487731,10.005615,-1,0.0
25-083-21016-00-00,6.609768,7.0867095,-1,0.0
25-073-05246-00-00,0.66788185,10.018227,2,1.0
25-085-21516-00-00,4.8684616,5.9234953,1,1.0
25-085-05041-00-00,1.3438107,9.201001,2,1.0
25-091-21604-00-00,2.4229262,9.781748,2,1.0
25-075-21161-00-00,2.1872742,8.605917,2,1.0
25-083-23267-00-00,7.296564,9.196807,-1,0.0
25-087-05295-00-00,6.6313066,4.617748,0,0.9635047785627797
25-073-05163-00-00,4.2499456,6.2391577,1,0.9101042677162773
25-101-09866-00-00,7.232968,4.6698694,0,1.0
25-083-22290-00-00,6.7564645,7.6554623,3,1.0
25-073-05573-00-00,2.0640888,9.016864,2,0.8526632109710471
25-083-22627-00-00,6.6154203,7.6542287,3,1.0
25-083-21368-00-00,3.471105,7.9724507,2,1.0
25-083-23128-00-00,7.356584,9.092227,3,0.653131006951586
25-105-21490-00-00,5.192082,5.940499,-1,0.0
25-091-21792-00-00,0.8000414,9.810595,2,1.0
25-035-21153-00-00,1.8688776,8.271593,2,0.9796231691212213
25-035-06839-00-00,7.3148923,8.025342,3,0.7011361578909325
25-083-21820-00-00,4.322473,8.271141,2,1.0
25-087-05289-00-00,0.8373345,9.793515,2,1.0
25-075-21141-00-00,1.7076874,8.841246,2,1.0
25-035-21031-00-00,0.852959,10.153316,2,1.0
25-025-21768-00-00,4.1353674,8.30165,2,1.0
25-065-05162-00-00,1.0758878,9.861597,2,1.0
25-035-05806-00-00,2.6965048,8.165172,2,1.0
25-083-21013-00-00,7.576717,5.520637,0,1.0
25-085-21795-00-00,3.270249,7.9371557,2,0.8661863127817578
25-099-21223-00-00,8.155002,9.715612,4,0.8645366102783588
25-051-05253-00-00,8.312819,10.152904,4,1.0
25-073-05280-00-00,3.41383,10.355795,2,1.0
25-083-22640-00-00,5.9541273,7.852434,3,0.680767746286701
25-109-21031-00-00,1.3157215,10.237261,2,0.924927046402157
25-101-06298-00-00,3.805098,6.4926553,1,1.0
25-091-21349-00-00,1.2550975,10.140017,2,1.0
25-025-22335-00-00,2.330785,9.990889,2,0.8419352735030557
25-073-05209-00-00,2.8751104,10.347886,-1,0.0
25-083-23174-00-00,3.650733,7.6790595,2,1.0
25-101-05376-00-00,1.8885573,8.465449,2,1.0
25-021-05137-00-00,6.5841703,7.0566087,-1,0.0
25-101-09905-00-00,0.9368378,9.1024685,-1,0.0
25-009-05372-00-00,1.8210145,8.37492,2,1.0
25-085-21316-00-00,8.2413225,10.13959,4,1.0
25-091-21254-00-00,8.5953245,9.596624,-1,0.0
25-085-21713-00-00,3.9104621,9.160983,-1,0.0
25-051-21465-00-00,7.2755337,8.412329,3,0.8656908809710193
25-073-05198-00-00,3.6510968,10.45986,2,0.893913025966368
25-075-21340-00-00,1.5756261,8.548483,2,1.0
25-083-23008-00-00,7.443968,8.730419,3,0.6846167232209459
25-083-21693-00-00,2.4886312,9.408888,2,0.8761061415578595
25-091-21516-00-00,4.1062016,6.530638,1,1.0
25-025-22198-00-00,2.501744,9.922395,2,0.9489207763394333
25-101-09901-00-00,4.5177417,7.41237,-1,0.0
25-087-21750-00-00,6.9335475,4.910697,0,1.0
25-083-22532-00-00,6.2105393,7.6515565,3,0.8627775361371571
25-083-21849-00-00,4.125319,9.710638,-1,0.0
25-055-21124-00-00,2.7921488,8.971244,-1,0.0
25-091-05182-00-00,4.5084887,9.5054865,-1,0.0
25-083-23425-00-00,4.788283,5.998487,1,1.0
25-083-22394-00-00,6.574581,7.6385036,3,1.0
25-005-05156-00-00,1.5667225,9.4531765,2,1.0
25-099-05414-00-00,8.266626,10.115753,4,1.0
25-101-06864-00-00,3.997997,8.829109,-1,0.0
25-065-21494-00-00,2.215002,8.312603,2,1.0
25-101-24206-00-00,8.604355,9.801012,4,0.8769877817035329
25-073-05191-00-00,2.0514607,9.087271,2,0.8949175932687236
25-083-21141-00-00,5.2427106,6.579738,-1,0.0
25-101-22581-00-00,7.9219394,10.028772,4,1.0
25-025-23091-00-00,6.1915565,4.804503,0,1.0
25-101-09962-00-00,4.314555,7.3389125,-1,0.0
25-051-21343-00-00,8.163695,10.254869,4,0.8949710594725923
25-083-23401-00-00,4.7164574,5.9190407,1,1.0
25-083-23118-00-00,8.089593,9.501171,4,0.9299093123991067
25-101-09867-00-00,5.567457,5.16949,0,0.7837636491247767
25-035-21177-00-00,3.5453568,10.523285,2,1.0
25-101-06118-00-00,4.260648,8.698661,-1,0.0
25-025-21543-00-00,6.4937596,4.7164707,0,1.0
25-099-05311-00-00,0.8608534,10.277601,2,1.0
25-035-05717-00-00,8.150484,10.133946,4,1.0
25-101-07619-00-00,7.7344165,9.514246,4,0.9299093123991067
25-025-23080-00-00,2.7339373,9.179156,2,0.9543168445708153
25-083-21648-00-00,7.4093657,9.3552885,-1,0.0
25-101-06009-00-00,6.490438,9.147882,-1,0.0
25-101-09865-00-00,5.686892,5.077228,0,1.0
25-085-60004-00-00,1.9412197,8.675858,2,1.0
25-083-21222-00-00,1.9576972,9.654336,2,1.0
25-099-21277-00-00,7.5344977,8.93681,3,0.7244554985318337
25-101-05736-00-00,3.3711722,9.896739,2,1.0
25-083-21567-00-00,2.7474155,8.117235,2,1.0
25-009-21224-00-00,8.358252,9.906009,4,0.9001962853340075
25-101-05891-00-00,8.075961,9.576515,4,0.9299093123991067
25-083-21101-00-00,3.5592659,10.138404,2,1.0
25-083-22001-00-00,6.940624,7.6049695,3,0.8307584580265996
25-091-21267-00-00,1.9798886,8.539397,2,1.0
25-065-21006-00-00,0.83356273,10.164085,2,1.0
25-085-21624-00-00,7.723094,9.674697,4,0.7762945329051782
25-101-10217-00-00,5.742774,6.3831224,-1,0.0
25-083-21302-00-00,2.039465,9.345927,2,1.0
25-009-05059-00-00,7.659761,8.978255,3,0.7244554985318337
25-085-21129-00-00,1.0560751,10.1546755,2,1.0
25-101-09885-00-00,7.182138,4.6847167,0,1.0
25-101-09938-00-00,0.81871885,9.214514,-1,0.0
25-101-09921-00-00,0.8558765,9.496046,2,0.8265011372420122
25-025-21587-00-00,6.0946994,5.676204,0,0.9267283023885047
25-083-21018-00-00,2.2871652,9.628923,2,0.9541015330656999
25-085-21774-00-00,2.7690134,7.939445,2,0.9674806668838679
25-101-05764-00-00,3.9633925,9.293393,-1,0.0
25-083-21883-00-00,6.874654,7.353812,3,0.6139143348803008
25-083-23106-00-00,5.7716465,8.280012,-1,0.0
25-085-21375-00-00,2.2491987,10.031684,-1,0.0
25-101-05710-00-00,8.090735,5.796014,0,1.0
25-021-21131-00-00,1.9478542,9.539808,2,1.0
25-087-05135-00-00,7.0050635,8.319049,3,0.829730035766518
25-025-21761-00-00,5.7039433,7.5974407,3,0.837523036716381
25-091-21942-00-00,8.179294,9.958486,4,1.0
25-009-21050-00-00,6.326379,4.8623424,0,1.0
25-091-21724-00-00,7.3024144,6.832312,-1,0.0
25-075-21130-00-00,1.546046,9.524752,2,1.0
25-083-22549-00-00,6.2389307,7.2229304,-1,0.0
25-101-22543-00-00,3.9946194,7.0317736,-1,0.0
25-073-05080-00-00,2.0058265,9.048571,2,0.9222416194621585
25-087-21305-00-00,4.5886655,6.088063,1,1.0
25-101-22356-00-00,7.858452,5.513527,0,1.0
25-025-22202-00-00,3.0754688,9.437462,2,0.8387954297941314
25-083-21814-00-00,2.868585,8.637791,-1,0.0
25-101-05779-00-00,3.9225466,9.392324,-1,0.0
25-101-22893-00-00,7.438606,9.067895,3,0.6465775676435486
25-075-21133-00-00,1.3062688,9.347125,2,1.0
25-073-05323-00-00,3.6615126,9.830002,2,0.9254295428418302
25-085-21809-00-00,3.6827574,8.414997,2,0.9108532471799881
25-083-21756-00-00,4.632028,6.170276,1,1.0
25-101-22415-00-00,7.318827,7.402598,3,0.5553762576558985
25-083-21031-00-00,4.2236686,8.278234,2,1.0
25-083-21656-00-00,2.8735065,9.792932,2,0.9673437170451656
25-065-21774-00-00,7.8249035,8.538797,-1,0.0
25-065-21093-00-00,3.8987188,6.0746226,1,1.0
25-101-22191-00-00,7.81182,8.310588,3,0.6475686092636272
25-009-21002-00-00,7.3864346,8.218325,3,0.749664372765689
25-025-21554-00-00,5.58662,7.559411,3,0.8036888783110718
25-083-22874-00-00,5.6218333,7.81493,3,0.5981905060000515
25-101-22522-00-00,3.8729448,9.474026,-1,0.0
25-025-21722-00-00,6.2485557,8.855335,-1,0.0
25-055-05111-00-00,6.2079782,4.9072676,0,1.0
25-091-21945-00-00,3.7586458,7.9165626,2,1.0
25-101-09890-00-00,5.46874,5.341186,-1,0.0
25-073-21225-00-00,2.8967009,10.378402,-1,0.0
25-099-21123-00-00,3.4098291,10.291294,2,1.0
25-025-21472-00-00,5.7326517,7.6738987,3,0.837523036716381
25-035-06741-00-00,1.7749707,9.62026,2,1.0
25-085-21940-00-00,3.816216,7.7197328,2,1.0
25-083-22611-00-00,7.072003,8.209086,3,1.0
25-085-21691-00-00,2.150121,9.940987,2,0.9614184312796119
25-073-05157-00-00,3.6432788,10.49471,2,0.8418302824853293
25-083-23086-00-00,4.528283,7.978255,2,1.0
25-085-21780-00-00,3.728415,7.877656,2,1.0
25-035-06828-00-00,7.9978747,10.093922,4,1.0
25-065-21839-00-00,7.9101267,9.6849575,4,0.8308874153663854
25-075-22078-00-00,2.4635048,8.681143,2,0.9295745724373923
25-091-21844-00-00,3.5358777,8.216946,2,1.0
25-101-60251-00-00,8.110112,5.7639894,0,1.0
25-083-22176-00-00,6.3672123,7.8641834,3,0.795338232440511
25-009-05005-00-00,8.107734,9.316607,4,0.8740147435934524
25-033-21161-00-00,7.291774,4.7258315,0,1.0
25-087-21288-00-00,2.691087,8.322464,2,1.0
25-083-21917-00-00,8.163292,9.01955,-1,0.0
25-083-21597-00-00,1.9125534,9.962958,2,0.9441850204142885
25-083-22978-00-00,5.2045784,7.774052,2,0.8420195387557335
25-083-21051-00-00,7.0181203,8.925741,-1,0.0
25-101-22588-00-00,8.368824,9.2029295,4,0.8766128676547411
25-021-21200-00-00,4.8497224,7.705544,2,0.8420195387557335
25-083-22448-00-00,6.50057,7.5529966,3,0.8746964223378008
25-073-05245-00-00,1.4005166,8.964405,2,0.9334567140294305
25-083-22441-00-00,5.7785935,7.5576487,3,0.837523036716381
25-101-21590-00-00,8.199027,9.302564,4,0.8766128676547411
25-083-22096-00-00,6.700041,7.784591,3,1.0
25-005-23795-00-00,6.314758,8.050955,3,0.5683946731380998
25-101-60255-00-00,8.58187,10.042379,4,0.8156457818645505
25-033-05088-00-00,7.10158,7.788921,3,1.0
25-091-21344-00-00,5.814715,5.6342993,0,0.7671871411210966
25-101-06181-00-00,4.0759454,6.0413523,1,1.0
25-091-21412-00-00,5.8146935,5.6581125,0,0.7441397961708774
25-035-06950-00-00,2.626897,10.009925,-1,0.0
25-101-06442-00-00,4.110049,6.127268,1,0.9947516164176904
25-091-21017-00-00,1.0478173,9.945736,2,1.0
25-083-22002-00-00,7.4277263,8.691105,3,0.6419683398409601
25-009-05408-00-00,1.5563868,9.15437,2,1.0
25-101-10632-00-00,6.4917617,9.133036,-1,0.0
25-035-21916-00-00,1.3612831,9.7251,2,1.0
25-083-23474-00-00,7.176586,5.7685647,0,0.7839236147691603
25-009-21297-00-00,5.789877,6.1379275,-1,0.0
25-035-06762-00-00,1.1633321,9.296115,2,0.8879358917882249
25-101-05824-00-00,7.229383,5.1973886,0,0.8532685636890515
25-083-22873-00-00,5.106945,7.880573,2,0.8420195387557335
25-003-21618-00-00,0.6010909,9.876749,2,1.0
25-085-05168-00-00,0.4662182,9.876826,2,1.0
25-111-21163-00-00,6.9679947,7.4077597,3,0.6420676174078896
25-101-23511-00-00,6.47998,5.8717113,0,0.8856959193956864
25-101-09870-00-00,1.6625718,8.958407,2,1.0
25-083-23356-00-00,2.5428505,8.031838,2,0.9388843263411369
25-091-21198-00-00,3.7978756,6.4575777,1,1.0
25-073-05134-00-00,2.1677666,9.398889,2,1.0
25-025-21292-00-00,2.5494606,9.857852,2,0.9595850011076024
25-083-22238-00-00,6.964172,7.770392,3,1.0
25-083-22805-00-00,2.0031083,9.3034525,2,0.9564144640809978
25-101-10077-00-00,6.4180484,7.799919,3,0.7660679826165121
25-091-21316-00-00,3.1139503,10.264603,2,1.0
25-091-05320-00-00,1.0953846,10.139486,2,1.0
25-091-05170-00-00,3.7984464,6.06479,1,0.9338240635778365
25-083-22767-00-00,7.960583,9.424041,4,0.9299093123991067
25-101-22579-00-00,8.34334,9.849986,4,0.8786786931935253
25-083-22622-00-00,4.519535,7.853305,2,1.0
25-091-21149-00-00,1.8927957,8.796278,2,1.0
25-083-21794-00-00,7.1985126,4.6709237,0,1.0
25-035-21710-00-00,8.37995,10.244694,4,0.9852642752031439
25-065-21758-00-00,7.032119,8.638617,3,0.7054440985546844
25-101-60257-00-00,8.5652275,10.062661,4,0.8313390861697941
25-099-21312-00-00,7.314401,7.995093,3,0.7088781278629939
25-083-22382-00-00,6.7047305,7.0811687,-1,0.0
25-025-21833-00-00,6.683064,5.52374,0,1.0
25-025-22337-00-00,3.52117,10.336583,2,1.0
25-073-05146-00-00,2.9925594,9.746519,2,0.973215531181834
25-101-10073-00-00,2.8844333,8.419207,2,0.9290723652581704
25-083-23392-00-00,3.7239373,7.4801774,-1,0.0
25-083-22319-00-00,5.992609,7.9598684,3,0.6143522735953907
25-065-21112-00-00,0.52536446,9.735521,-1,0.0
25-035-05091-00-00,2.0183654,9.428361,2,1.0
25-083-22034-00-00,6.4982257,7.9058347,3,0.8275818610223338
25-073-05112-00-00,1.2088948,9.600501,2,1.0
25-111-05162-00-00,1.8278495,9.811186,2,1.0
25-083-22406-00-00,6.9018965,7.9690847,3,0.96173801436347
25-025-22328-00-00,3.0043232,9.583908,2,1.0
25-083-21209-00-00,8.082102,8.911138,-1,0.0
25-101-23085-00-00,8.066594,9.385874,4,0.9299093123991067
25-083-21941-00-00,3.4038894,8.774988,-1,0.0
25-101-06310-00-00,7.952817,5.5622544,0,1.0
25-083-22672-00-00,5.1734805,7.6233015,2,0.8420195387557335
25-083-22558-00-00,6.741871,7.108997,-1,0.0
25-079-05013-00-00,4.020649,5.8923507,1,1.0
25-085-05087-00-00,4.4969954,6.076817,1,0.9623215565826717
25-101-21449-00-00,7.7269125,6.01642,0,1.0
25-091-21793-00-00,2.0604897,8.873258,2,1.0
25-083-22471-00-00,6.6642838,7.685998,3,1.0
25-033-21127-00-00,3.807411,8.314773,2,0.9991481280287575
25-025-22261-00-00,2.5394106,8.6911,-1,0.0
25-091-21910-00-00,2.547498,8.240937,2,1.0
25-005-05131-00-00,1.9061606,8.376829,2,1.0
25-073-21462-00-00,6.4586773,7.4339666,3,0.7202170480526408
25-009-21276-00-00,7.1184306,7.0909624,-1,0.0
25-025-21867-00-00,2.1206572,9.215445,2,1.0
25-009-05025-00-00,1.4596443,10.097806,2,0.8644512895267903
25-083-22626-00-00,6.1815076,7.6646347,3,0.9123426973854372
25-083-22837-00-00,6.534957,7.8324747,3,0.9709322563046509
25-025-21841-00-00,6.3949375,5.106641,0,1.0
25-101-10265-00-00,7.595805,6.6245246,-1,0.0
25-083-22435-00-00,6.770798,7.7338514,3,1.0
25-083-22907-00-00,3.9631002,7.8998547,2,1.0
25-083-22024-00-00,7.4226823,8.429212,3,0.7210674511761762
25-009-05015-00-00,6.015878,8.978078,-1,0.0
25-085-05014-00-00,1.6337556,8.755177,2,1.0
25-055-21103-00-00,0.92757934,9.879905,2,1.0
25-085-05025-00-00,1.1561954,10.176751,2,1.0
25-009-05047-00-00,1.6758986,9.091348,2,1.0
25-091-21350-00-00,6.148629,4.640149,0,1.0
25-009-05046-00-00,3.6237316,9.753746,2,0.862166151088183
25-087-21523-00-00,7.2156534,7.4429326,3,0.6341984974637715
25-035-05825-00-00,3.0576591,8.277372,2,0.9206480923671241
25-085-21315-00-00,2.7485363,9.945468,2,1.0
25-083-21703-00-00,5.8283153,7.6410937,3,0.837523036716381
25-085-21950-00-00,4.4138803,7.9298606,2,1.0
25-073-21398-00-00,3.6417053,10.4108925,2,1.0
25-073-05292-00-00,3.5174644,8.385636,2,0.8991128700405122
25-101-06038-00-00,4.287256,8.676932,-1,0.0
25-035-06166-00-00,7.6934233,5.918835,0,1.0
25-105-21270-00-00,5.9655294,4.6849546,0,1.0
25-025-21699-00-00,2.36121,9.3056345,2,1.0
25-083-22092-00-00,6.8911376,7.787052,3,1.0
25-101-22865-00-00,7.0336914,7.848503,3,1.0
25-091-21790-00-00,1.6889673,8.530649,2,1.0
25-101-09941-00-00,5.493204,6.423403,-1,0.0
25-075-21641-00-00,6.6950006,5.0296197,0,1.0
25-083-22692-00-00,6.598634,6.896832,-1,0.0
25-091-05315-00-00,4.187084,6.6867337,1,0.8682567273542013
25-035-21595-00-00,8.34992,10.283448,4,0.9383424816931095
25-091-21689-00-00,3.308291,8.330416,2,0.9098349294707444
25-085-21666-00-00,1.5007334,8.701425,2,0.9629501160773952
25-101-10074-00-00,2.0763395,8.62758,2,1.0
25-087-21069-00-00,7.3147745,4.907869,0,1.0
25-073-21581-00-00,0.5244475,10.041011,2,1.0
25-065-21121-00-00,1.4272268,9.176331,2,1.0
25-101-09915-00-00,3.8042686,5.908805,1,0.9467607782517883
25-083-22932-00-00,4.0248985,6.979912,-1,0.0
25-087-21738-00-00,5.2178755,7.971039,2,0.8420195387557335
25-025-21405-00-00,5.2267065,7.9770966,2,0.8420195387557335
25-083-22086-00-00,6.1746745,7.764008,3,0.821228621303385
25-083-21949-00-00,7.309779,8.342198,3,0.8984786675416567
25-101-07649-00-00,4.1752024,6.3808265,1,0.8384009096571289
25-025-22493-00-00,3.397924,10.376207,2,1.0
25-105-21304-00-00,4.369072,9.403027,-1,0.0
25-025-21990-00-00,2.4915483,8.766101,2,0.8494843942577641
25-083-22206-00-00,4.5479326,7.639878,2,0.9401751088478906
25-101-21844-00-00,7.473954,8.008151,-1,0.0
25-083-22652-00-00,7.0296493,7.8193197,3,1.0
25-101-05925-00-00,8.08384,9.481137,4,0.9299093123991067
25-083-21215-00-00,1.7481766,9.418281,2,1.0
25-009-05024-00-00,1.9122787,8.471248,2,1.0
25-101-06269-00-00,3.7206657,6.5511875,1,1.0
25-083-23068-00-00,3.9858086,7.2543473,-1,0.0
25-075-21783-00-00,1.0200539,9.541833,2,1.0
25-101-09889-00-00,2.5794683,8.331192,2,1.0
25-083-22512-00-00,5.758575,7.88162,3,0.6865783242783104
25-101-22346-00-00,2.4283185,9.341131,2,1.0
25-083-22901-00-00,4.5055118,7.7936764,2,1.0
25-025-21930-00-00,2.801479,9.850619,2,0.9705316602053912
25-085-05247-00-00,6.1969347,5.4018435,0,0.9786793972632324
25-083-23406-00-00,4.766391,5.974198,1,1.0
25-083-22772-00-00,7.3990693,8.373033,3,0.727079061762869
25-101-09863-00-00,7.2807417,4.665004,0,1.0
25-083-21713-00-00,7.2054977,5.310001,0,0.7681661855323039
25-101-05759-00-00,2.5696259,8.078052,2,1.0
25-083-21624-00-00,2.4424617,9.440235,2,0.9610233720246008
25-099-21258-00-00,8.172511,9.512639,4,0.9299093123991067
25-101-05760-00-00,5.647875,6.7376447,-1,0.0
25-091-21712-00-00,1.6555356,9.256362,2,1.0
25-101-06271-00-00,2.193586,8.143984,2,0.8188998851446752
25-083-21951-00-00,7.4988627,8.146099,3,0.6078932607913324
25-021-21184-00-00,8.196171,10.120154,4,1.0
25-101-22573-00-00,7.424305,8.485387,3,0.7499210273975159
25-101-06882-00-00,7.9469934,5.8674173,0,1.0
25-073-21546-00-00,8.112668,5.7460394,0,1.0
25-101-10128-00-00,1.7777798,8.617485,2,1.0
25-005-05077-00-00,2.956337,7.5601935,-1,0.0
25-083-21428-00-00,7.758705,5.2750535,0,1.0
25-083-22012-00-00,6.0377383,7.7536926,3,0.7686677284324716
25-087-21629-00-00,6.1789207,7.823511,3,0.760474555850063
25-105-21319-00-00,4.223997,6.3510027,1,0.8934696153558894
25-101-05728-00-00,7.8668838,5.531334,0,1.0
25-085-60006-00-00,1.0898749,9.480346,2,1.0
25-091-05309-00-00,1.7419753,9.907669,2,0.8799241332394094
25-025-21070-00-00,4.077692,6.469557,1,1.0
25-101-60133-00-00,7.803771,10.137636,4,1.0
25-101-22628-00-00,7.310658,8.495723,3,0.8693141017164461
25-101-24243-00-00,6.802724,6.5591345,-1,0.0
25-083-22076-00-00,5.919739,8.145909,-1,0.0
25-087-21326-00-00,5.1906114,7.590624,2,0.8420195387557335
25-065-21628-00-00,4.5047245,7.9597716,2,1.0
25-073-21372-00-00,7.984069,5.8251033,0,1.0
25-111-05172-00-00,1.0474436,10.18779,2,1.0
25-101-06899-00-00,4.115536,8.378596,2,0.9033904828213934
25-083-23316-00-00,3.634857,8.120467,2,1.0
25-025-23019-00-00,3.315863,8.237728,2,0.9935872068718433
25-083-23400-00-00,4.769605,5.9543705,1,1.0
25-101-09900-00-00,4.5221434,7.350535,-1,0.0
25-035-21700-00-00,2.4346938,9.766756,2,1.0
25-101-22937-00-00,7.07711,8.854924,3,0.625980880120415
25-035-21167-00-00,2.9605916,8.254392,2,1.0
25-083-21897-00-00,3.4878302,8.347417,2,0.971819613874632
25-101-09947-00-00,3.888932,7.569009,2,0.8688705493655674
25-083-22600-00-00,6.707535,8.318335,3,0.741413199804077
25-083-21194-00-00,3.119268,10.30694,2,1.0
25-085-05058-00-00,0.830027,10.182096,2,1.0
25-075-21115-00-00,1.2645147,9.897873,2,1.0
25-101-06633-00-00,4.365991,6.3554845,1,0.7725705460301153
25-083-22250-00-00,7.3481345,8.072429,3,0.7316793502789298
25-087-21622-00-00,3.9198804,5.854162,1,0.994039143334272
25-111-21194-00-00,7.558865,8.6052065,3,0.5687591482621819
25-101-07050-00-00,6.8449273,7.8632426,3,1.0
25-101-05912-00-00,8.673001,9.847482,4,0.8380748197317354
25-009-21011-00-00,3.686689,8.331534,2,1.0
25-083-22751-00-00,3.913159,8.168628,2,1.0
25-073-05267-00-00,3.3169742,9.551348,-1,0.0
25-083-21613-00-00,2.1712956,9.370213,2,0.9375648607167849
25-083-21243-00-00,4.109545,7.151036,-1,0.0
25-083-22947-00-00,5.05721,7.788369,2,0.8420195387557335
25-091-05173-00-00,3.1240187,9.989383,2,1.0
25-083-22447-00-00,3.6468194,8.165749,2,1.0
25-025-05164-00-00,2.0692213,9.049701,2,0.8747387080123873
25-085-21247-00-00,4.369014,9.825982,-1,0.0
25-085-21228-00-00,2.9117062,10.061588,2,1.0
25-083-22318-00-00,6.5328984,7.7180357,3,1.0
25-085-05231-00-00,0.9923403,10.244511,2,1.0
25-101-22617-00-00,5.5201597,6.180942,-1,0.0
25-083-22299-00-00,5.4092917,7.5161357,-1,0.0
25-065-21113-00-00,1.392182,9.641752,2,1.0
25-025-22424-00-00,3.3321965,9.939536,2,1.0
25-035-21915-00-00,1.0098305,10.283211,2,1.0
25-083-23358-00-00,2.2165344,8.251097,2,1.0
25-101-10193-00-00,6.3573694,6.623881,-1,0.0
25-025-21591-00-00,4.1050987,9.875139,-1,0.0
25-083-22142-00-00,7.1757855,8.302067,3,1.0
25-065-21092-00-00,2.2877123,9.486073,2,1.0
25-101-60155-00-00,8.380136,9.272223,4,0.8766128676547411
25-085-21573-00-00,4.0544553,8.18928,2,1.0
25-085-05019-00-00,6.352108,4.67155,0,1.0
25-005-23797-00-00,1.2331567,9.740213,2,1.0
25-083-21911-00-00,7.7508903,9.086084,3,0.5869236589794785
25-099-05286-00-00,4.406967,7.790571,2,1.0
25-025-21285-00-00,8.233009,9.7119665,4,0.8390239563081757
25-101-22348-00-00,2.645363,9.631464,2,0.9793665260650325
25-087-21540-00-00,7.2942915,7.6555467,3,0.6247767167138762
25-099-05306-00-00,2.6853328,7.6031556,-1,0.0
25-073-60015-00-00,2.5002158,8.009385,2,0.8352314012825176
25-025-21523-00-00,3.680294,8.194959,2,1.0
25-009-05021-00-00,1.4574248,8.938462,2,0.9566225869127946
25-101-24114-00-00,1.8335346,8.34893,2,1.0
25-083-22264-00-00,6.993756,8.107786,3,1.0
25-083-22897-00-00,3.5541303,7.6573963,2,0.9345513501536719
25-035-06185-00-00,7.171873,7.0030394,-1,0.0
25-083-23284-00-00,4.2195396,7.697594,2,1.0
25-101-60147-00-00,8.041583,10.019931,4,1.0
25-075-21417-00-00,2.2693608,8.910864,2,0.8649648504293095
25-083-22831-00-00,5.6101723,7.471761,3,0.7251830301193188
25-051-05071-00-00,7.96843,5.549646,0,1.0
25-085-05061-00-00,0.9484816,10.113663,2,1.0
25-085-05021-00-00,1.6930704,8.4662285,2,1.0
25-065-21343-00-00,7.228111,6.705363,-1,0.0
25-091-21338-00-00,1.8770219,9.433625,2,1.0
25-085-21568-00-00,3.1758664,9.920021,2,1.0
25-083-22536-00-00,6.3081017,7.6401315,3,0.9459144989155106
25-101-21910-00-00,8.339292,9.914133,4,0.928178821791092
25-083-22433-00-00,3.804894,8.198965,2,1.0
25-009-60074-00-00,1.4791197,8.9126835,2,1.0
25-101-23771-00-00,7.190899,9.217852,-1,0.0
25-101-06356-00-00,8.692167,9.81705,4,0.716892116850806
25-105-21576-00-00,4.2897468,7.1542253,1,0.7400104350221959
25-101-09920-00-00,7.4302764,4.8612595,0,1.0
25-087-05280-00-00,0.77310133,9.923428,2,0.9815269958796061
25-025-21508-00-00,4.8552227,6.0389175,1,1.0
25-083-21879-00-00,4.9346924,5.5182343,-1,0.0
25-035-21402-00-00,7.976573,5.5269403,0,1.0
25-101-09739-00-00,7.7023587,5.605701,0,1.0
25-021-21199-00-00,2.4647102,8.415017,2,0.8816736358404078
25-101-06237-00-00,7.7700515,5.4072957,0,1.0
25-025-21721-00-00,4.4719157,7.20552,-1,0.0
25-083-21672-00-00,3.926835,6.773207,1,0.8010969924788619
25-083-23171-00-00,7.2500024,8.657708,3,0.707794418573679
25-035-21550-00-00,2.5307112,9.427237,2,0.9793665260650325
25-101-05352-00-00,6.8172655,4.617468,0,1.0
25-101-05986-00-00,7.5846634,5.9764214,0,1.0
25-035-21039-00-00,7.180784,7.470656,3,0.6841751422159307
25-085-21884-00-00,3.8306684,7.7424593,2,1.0
25-085-05057-00-00,7.7076755,5.3668,0,1.0
25-083-22106-00-00,6.26628,7.9585185,3,0.6221386683714002
25-025-22423-00-00,1.4766575,10.172527,-1,0.0
25-083-22997-00-00,4.3069825,6.7471924,-1,0.0
25-101-21099-00-00,7.9362645,10.245734,4,0.9058269130372215
25-035-05815-00-00,3.3399472,7.566356,-1,0.0
25-073-05274-00-00,3.7235384,8.724691,-1,0.0
25-101-07397-00-00,7.1788664,7.327794,3,0.616713132427818
25-083-22815-00-00,6.377216,7.225628,3,0.5774388396978922
25-085-05062-00-00,1.0414162,10.058464,2,1.0
25-085-05190-00-00,5.974253,4.7485695,0,1.0
25-005-05089-00-00,1.0652289,10.111002,2,1.0
25-101-06668-00-00,8.076133,5.7827954,0,1.0
25-083-23375-00-00,4.816314,6.171859,1,1.0
25-087-21520-00-00,7.773163,9.617149,4,0.9299093123991067
25-075-21127-00-00,1.6445491,8.647291,2,1.0
25-101-05796-00-00,2.837163,9.387935,2,0.9721650706377019
25-099-05310-00-00,6.008031,5.223373,0,1.0
25-009-21294-00-00,1.6649737,9.38618,2,1.0
25-101-09933-00-00,7.157944,5.960806,0,0.8913755897379786
25-065-21111-00-00,1.4016213,9.395866,2,1.0
25-075-21124-00-00,1.2118156,10.003,2,1.0
25-099-05170-00-00,7.993663,5.6404095,0,1.0
25-101-60003-00-00,3.8937144,8.502142,-1,0.0
25-035-21419-00-00,8.415541,10.255563,4,0.8431995511957925
25-091-21192-00-00,6.1907763,4.9103374,0,1.0
25-083-22797-00-00,3.3515623,7.904932,2,0.9922076788012372
25-025-21643-00-00,6.707819,5.4331956,0,1.0
25-073-21557-00-00,0.80568093,10.267591,2,1.0
25-025-21538-00-00,3.2441049,8.018307,2,1.0
25-083-23209-00-00,4.7251773,7.868348,2,0.9579082439541633
25-025-21276-00-00,1.9669726,9.886035,2,0.921864413763981
25-101-05818-00-00,2.7133925,8.182519,2,1.0
25-101-06960-00-00,3.8554378,9.462521,-1,0.0
25-101-60134-00-00,7.8026567,10.18545,4,1.0
25-085-21173-00-00,7.6171436,5.810078,0,1.0
25-101-22433-00-00,7.20235,7.685858,3,0.8260453121563337
25-083-23092-00-00,8.086468,9.503112,4,0.9299093123991067
25-025-22327-00-00,4.034733,9.761164,-1,0.0
25-101-05744-00-00,7.5195904,6.050125,0,1.0
25-083-21161-00-00,3.2932823,9.962245,2,1.0
25-025-23079-00-00,2.3024707,8.389782,2,0.9178141111209104
25-085-05045-00-00,0.98076427,10.310004,2,1.0
25-101-23176-00-00,3.942059,9.649157,-1,0.0
25-083-22852-00-00,3.5071716,7.781402,2,1.0
25-051-21526-00-00,8.02311,9.956939,4,1.0
25-101-22523-00-00,8.454072,9.20389,4,0.8766128676547411
25-073-21195-00-00,6.647139,5.599644,0,1.0
25-035-21619-00-00,1.4286578,9.3326,2,1.0
25-083-21571-00-00,3.1309006,8.897258,-1,0.0
25-021-21128-00-00,3.959623,8.090771,2,1.0
25-101-24026-00-00,7.30808,8.057301,3,0.7639164284639459
25-101-06554-00-00,3.3745599,8.348891,2,1.0
25-101-06250-00-00,6.098306,5.5279517,0,1.0
25-009-21010-00-00,6.1548896,7.667408,3,0.9459144989155106
25-101-06294-00-00,3.8896039,6.429714,1,1.0
25-083-22505-00-00,6.663289,7.6456113,3,1.0
25-083-22504-00-00,6.838398,8.451075,3,0.7256703321570461
25-069-21108-00-00,1.7161483,8.606708,2,1.0
25-009-05393-00-00,8.062575,8.944685,-1,0.0
25-101-23973-00-00,8.031917,5.658653,0,1.0
25-091-21493-00-00,1.0505298,10.14062,2,1.0
25-083-22908-00-00,4.8340607,7.481957,-1,0.0
25-025-21462-00-00,2.9150696,9.021161,-1,0.0
25-025-21341-00-00,3.3790305,7.6617107,2,0.9371204903825326
25-083-21702-00-00,4.236068,8.357665,2,0.9261654813759269
25-083-21281-00-00,2.8525765,8.095839,2,1.0
25-009-05010-00-00,1.4703747,9.278071,2,1.0
25-025-05468-00-00,1.1019692,10.324515,2,1.0
25-083-22085-00-00,6.7159667,7.636383,3,1.0
25-101-22193-00-00,7.896245,8.249023,-1,0.0
25-035-07221-00-00,1.7571698,9.292504,2,1.0
25-083-22644-00-00,6.6503377,7.4683657,3,0.8553801156735348
25-035-21411-00-00,4.3683176,10.24034,-1,0.0
25-083-23175-00-00,3.0687027,8.119555,2,1.0
25-003-05067-00-00,1.7603725,8.709378,2,1.0
25-025-21352-00-00,7.82418,9.458632,4,0.9299093123991067
25-083-22154-00-00,6.743713,7.5859404,3,1.0
25-091-05150-00-00,4.2481985,6.608053,1,0.8797600565722251
25-021-21112-00-00,5.020099,7.5188336,-1,0.0
25-091-05193-00-00,7.4202175,8.8105955,3,0.7244554985318337
25-025-21825-00-00,6.709487,5.564502,0,1.0
25-099-21035-00-00,2.1754327,9.831559,2,0.991260895426517
25-025-22330-00-00,3.2527325,10.063399,2,1.0
25-009-05060-00-00,7.744989,8.129495,-1,0.0
25-073-21618-00-00,0.51259387,10.06351,2,1.0
25-073-05125-00-00,4.3704634,6.042695,1,0.9193284846762863
25-083-21907-00-00,1.9797106,9.775003,2,0.9642257689390074
25-083-22038-00-00,6.8027406,8.172938,3,0.764508075008143
25-101-23118-00-00,7.130127,7.8581157,3,1.0
25-009-21302-00-00,2.877611,8.528344,2,0.8256630086798376
25-087-05321-00-00,6.0693164,4.777573,0,1.0
25-083-23223-00-00,3.6881373,8.068506,2,1.0
25-025-21725-00-00,2.5942905,8.296721,2,1.0
25-035-05714-00-00,7.5885906,5.1104937,0,1.0
25-083-22178-00-00,6.8263025,8.110591,3,0.947039337665087
25-101-60043-00-00,8.216787,10.0735,4,1.0
25-085-05030-00-00,0.7984855,10.263835,2,1.0
25-091-21946-00-00,6.0967584,5.9528246,0,0.7811060430731317
25-073-07021-00-00,1.9581407,10.024268,2,0.9167866620421643
25-087-05296-00-00,1.100624,10.207028,2,1.0
25-099-21100-00-00,7.85359,8.243894,-1,0.0
25-005-05034-00-00,1.3773948,9.311132,2,1.0
25-025-21514-00-00,6.4572678,5.174462,0,1.0
25-051-05461-00-00,8.264674,9.590231,4,0.8360297940475613
25-101-09919-00-00,0.8453261,9.185389,-1,0.0
25-083-22687-00-00,3.8420887,8.2855835,2,1.0
25-083-22615-00-00,6.036142,7.4452534,3,0.71736935492121
25-025-22250-00-00,3.011918,9.383102,2,0.9554540790713523
25-085-21177-00-00,8.576731,9.885852,4,1.0
25-101-09720-00-00,1.1793102,10.010177,2,1.0
25-101-22435-00-00,6.412571,8.253296,-1,0.0
25-083-21445-00-00,3.3117437,9.988206,2,1.0
25-083-21409-00-00,8.404616,10.18412,4,1.0
25-101-09738-00-00,7.3083854,7.576701,3,0.5654999407824677
25-083-23192-00-00,5.634385,7.2880282,-1,0.0
25-101-22495-00-00,7.538993,6.0451493,0,1.0
25-083-22004-00-00,6.9905033,8.580007,3,0.7737979021754198
25-025-21551-00-00,4.5046835,7.774959,2,1.0
25-083-22643-00-00,6.612969,7.5388517,3,1.0
25-101-06191-00-00,3.5184798,7.2506986,-1,0.0
25-085-21064-00-00,1.0674698,9.451169,2,1.0
25-073-21481-00-00,8.072012,5.9337854,0,1.0
25-035-21917-00-00,0.88742024,10.223222,2,1.0
25-091-21307-00-00,3.361297,7.4683504,-1,0.0
25-073-05193-00-00,2.2737184,9.851009,2,0.9599818572259583
25-091-21116-00-00,1.7718427,9.115239,2,1.0
25-035-21204-00-00,2.8022132,9.401356,2,1.0
25-083-22682-00-00,6.7518363,7.8225427,3,0.9512361005551274
25-105-21375-00-00,7.51111,9.003205,3,0.7244554985318337
25-073-05225-00-00,1.244052,10.127537,2,1.0
25-099-05417-00-00,6.8913693,8.707639,-1,0.0
25-083-22285-00-00,7.2020617,8.1674595,3,0.8853987922345028
25-005-23773-00-00,1.7840083,8.9360695,2,1.0
25-005-05039-00-00,3.4108162,10.051021,2,1.0
25-083-21292-00-00,1.8988246,9.445871,2,1.0
25-083-22803-00-00,7.387434,8.241213,3,0.7569548487007111
25-005-05062-00-00,4.1838617,8.105665,2,1.0
25-099-21121-00-00,8.376633,10.296091,4,0.8356403455856031
25-051-21615-00-00,7.879702,9.084866,-1,0.0
25-069-21129-00-00,4.2641892,5.982625,1,1.0
25-025-05695-00-00,3.4750807,8.201039,2,1.0
25-083-22107-00-00,4.9753394,7.677967,2,0.8420195387557335
25-073-21434-00-00,6.8999777,8.410537,3,0.7810612270388908
25-083-21669-00-00,6.4433837,5.091948,0,1.0
25-083-23345-00-00,2.4948182,8.156605,2,1.0
25-083-23436-00-00,4.871617,5.9498963,1,1.0
25-003-05076-00-00,0.5605487,10.024144,2,1.0
25-085-21538-00-00,1.7177128,8.941605,2,1.0
25-101-60158-00-00,8.375143,9.198683,4,0.8766128676547411
25-099-21148-00-00,7.375253,5.6607704,0,0.9183741719718422
25-095-21283-00-00,5.5730267,5.1597176,0,0.7912859152594196
25-035-08701-00-00,8.463021,9.217461,4,0.8766128676547411
25-073-21669-00-00,0.4710065,10.036846,2,1.0
25-085-05054-00-00,6.2820163,5.3508964,0,1.0
25-101-22106-00-00,3.5340073,9.967227,2,1.0
25-083-22242-00-00,6.8512464,7.994433,3,0.9117269190864583
25-101-06594-00-00,3.8096263,7.6754937,2,1.0
25-101-06025-00-00,4.522981,8.303834,-1,0.0
25-083-21034-00-00,3.903048,5.87893,1,1.0
25-101-10024-00-00,8.511669,9.823791,4,1.0
25-083-21346-00-00,2.127126,9.060891,2,0.9325045818932199
25-101-06782-00-00,4.344475,7.576886,2,0.8493629019045319
25-101-09927-00-00,0.80397934,9.557838,2,0.8823091508733848
25-101-07610-00-00,3.0213141,7.8589644,2,0.8374215311988593
25-083-21591-00-00,4.4351726,8.630634,-1,0.0
25-101-23522-00-00,7.083615,7.1916633,3,0.5833543171614226
25-101-22344-00-00,2.7944887,9.6199875,2,0.9941007927061123
25-101-06171-00-00,5.0396442,5.7852254,1,0.7343911752688324
25-091-21631-00-00,4.7286863,6.1425314,1,1.0
25-025-21857-00-00,6.841864,5.7340956,0,0.8985235739907598
25-101-22514-00-00,7.4290185,7.331973,-1,0.0
25-091-21577-00-00,5.631617,5.2734137,0,0.9141675900022943
25-005-05044-00-00,1.46999,9.562781,2,1.0
25-025-21172-00-00,8.169582,9.40554,4,0.9299093123991067
25-101-09948-00-00,4.3782682,7.90757,2,1.0
25-025-21766-00-00,4.4524527,9.566346,-1,0.0
25-075-21670-00-00,3.6562064,6.9464064,-1,0.0
25-035-21163-00-00,3.8313408,6.3384585,1,0.866031443229377
25-101-06015-00-00,3.8523624,9.671854,-1,0.0
25-083-22472-00-00,6.934072,8.099656,3,1.0
25-087-21216-00-00,5.8990655,4.7321997,0,1.0
25-085-21460-00-00,2.8064888,9.172135,-1,0.0
25-025-21650-00-00,6.726059,4.687454,0,1.0
25-101-07467-00-00,7.693372,9.589937,4,0.8505862995353947
25-083-21084-00-00,7.5487785,9.006921,3,0.7244554985318337
25-003-05078-00-00,0.66937315,9.780251,2,0.8696780841141294
25-025-23081-00-00,0.42253298,9.939796,2,1.0
25-025-22421-00-00,1.4184744,9.2507515,2,1.0
25-025-21541-00-00,3.5918212,8.72785,-1,0.0
25-073-05286-00-00,3.5040174,9.910361,2,1.0
25-083-22313-00-00,6.590141,8.061348,3,0.6426052628386434
25-005-23725-00-00,5.7257223,7.541835,3,0.837523036716381
25-101-22645-00-00,6.510061,5.1687126,0,1.0
25-083-23437-00-00,4.880815,5.939932,1,1.0
25-035-21653-00-00,8.42594,10.245903,4,0.8905653127396038
25-025-21073-00-00,1.922962,9.195664,2,1.0
25-003-21143-00-00,7.1647186,7.8072314,3,1.0
25-083-21909-00-00,6.462952,4.933659,0,1.0
25-073-21585-00-00,4.0314894,6.005077,1,1.0
25-101-60195-00-00,2.9277694,8.286435,2,0.9930290254215527
25-101-10020-00-00,8.556461,9.927638,4,1.0
25-073-21445-00-00,3.2135816,9.859999,2,1.0
25-003-05107-00-00,8.170383,9.903574,4,0.9744023471769417
25-073-05115-00-00,1.6827127,9.8842745,2,0.8201700067418808
25-101-10215-00-00,5.6793594,6.726587,-1,0.0
25-009-05050-00-00,7.866199,9.512734,4,0.9299093123991067
25-009-21162-00-00,7.0411134,7.3949823,3,0.7428183656846279
25-051-21017-00-00,8.204302,9.61568,4,0.9299093123991067
25-091-21375-00-00,2.2642968,9.877128,2,0.9202467935332653
25-101-09833-00-00,2.7843752,9.902056,2,0.9595850011076024
25-035-05061-00-00,1.6729211,9.507352,2,1.0
25-009-57104-00-00,8.27823,9.21672,4,0.8766128676547411
25-009-21008-00-00,8.134334,9.910522,4,0.9299093123991067
25-083-22877-00-00,7.755109,10.200507,4,0.8428404954852128
25-083-22437-00-00,6.843527,7.507944,3,0.9007558545015909
25-083-22940-00-00,4.8818846,5.9829345,1,1.0
25-025-21471-00-00,3.1694806,9.407828,-1,0.0
25-101-60036-00-00,5.5986958,6.5184264,-1,0.0
25-095-21265-00-00,7.0599375,4.6313014,0,1.0
25-083-22780-00-00,6.9042063,8.545845,3,0.8268394035762333
25-075-21735-00-00,5.3641334,7.9445353,2,0.8420195387557335
25-035-21869-00-00,8.122228,5.8430243,0,1.0
25-083-22553-00-00,6.4457674,7.7206645,3,0.9430511357717549
25-009-05043-00-00,7.4197536,5.639659,0,0.993115935217244
25-101-23175-00-00,7.0991464,7.962832,3,1.0
25-083-23190-00-00,5.5764,7.5205216,3,0.7505497812995988
25-083-23431-00-00,5.850561,5.5846615,0,0.830129958450245
25-101-08636-00-00,8.433738,9.336335,4,0.8766128676547411
25-075-21297-00-00,2.0820217,8.36852,2,1.0
25-085-21791-00-00,2.158997,8.443665,2,1.0
25-051-05326-00-00,2.5045545,9.781061,2,0.9509755921441608
25-073-05224-00-00,2.888605,10.363242,-1,0.0
25-083-22753-00-00,6.321492,7.5113034,3,0.8160670440220646
25-085-21629-00-00,3.014981,8.444442,-1,0.0
25-085-22010-00-00,4.4805913,5.658811,-1,0.0
25-083-22483-00-00,5.534638,7.6585984,3,0.6890100830120116
25-009-60069-00-00,1.7039994,8.770237,2,1.0
25-025-21401-00-00,3.5667837,9.804903,2,0.9665313735282856
25-101-60044-00-00,7.95781,10.040055,4,1.0
25-083-21803-00-00,3.7498465,8.748092,-1,0.0
25-101-23139-00-00,4.2593102,5.799676,1,0.9213284632575429
25-101-06698-00-00,4.784211,7.79942,2,0.8228502932130201
25-101-22340-00-00,3.6369379,10.032983,2,1.0
25-083-22158-00-00,6.108816,7.6859913,3,0.8935618207289538
25-083-21661-00-00,3.7234912,8.800786,-1,0.0
25-083-22742-00-00,2.0444288,8.283839,2,1.0
25-065-21775-00-00,2.1811376,8.067041,-1,0.0
25-101-22780-00-00,6.933405,7.534065,3,0.824092643457849
25-083-21965-00-00,7.3014193,8.900153,3,0.67428973011677
25-025-21991-00-00,2.2008054,9.295576,2,1.0
25-083-23177-00-00,3.1738799,8.334757,2,0.9576173222502032
25-091-21927-00-00,7.183425,4.613783,0,1.0
25-025-21406-00-00,4.0660267,7.5881443,2,0.8826365115214679
25-083-21980-00-00,7.303757,8.978011,3,0.7244554985318337
25-025-21820-00-00,6.2673917,5.541442,0,0.8856959193956864
25-005-23798-00-00,2.2449567,9.076406,2,0.8924363411239336
25-083-21890-00-00,8.11044,9.721147,4,0.8492484141927092
25-083-21818-00-00,3.1325254,7.910093,2,0.931692616322242
25-083-21881-00-00,7.9342256,9.528762,4,0.9299093123991067
25-087-21479-00-00,7.4052544,6.052826,0,1.0
25-009-05039-00-00,4.1728234,5.876611,1,1.0
25-085-21722-00-00,2.691381,9.798195,2,1.0
25-035-06801-00-00,8.104346,9.591185,4,0.9299093123991067
25-105-21235-00-00,1.6469902,9.516066,2,1.0
25-083-23160-00-00,3.899564,7.7468896,2,1.0
25-085-21662-00-00,7.669968,8.496911,3,0.5733735069217716
25-101-07426-00-00,8.052199,5.621217,0,1.0
25-101-05401-00-00,4.210053,6.325864,1,0.8186061924411436
25-025-21203-00-00,4.130068,9.834207,-1,0.0
25-091-21883-00-00,5.8281183,4.9721646,0,1.0
25-083-23427-00-00,4.7852535,5.9750047,1,1.0
25-099-05204-00-00,7.0834446,7.992065,3,0.9895939869402159
25-101-60132-00-00,7.8167415,10.112095,4,1.0
25-101-60149-00-00,7.892516,10.079817,4,1.0
25-083-22968-00-00,5.4043713,7.4776793,-1,0.0
25-083-22804-00-00,6.199875,8.370121,-1,0.0
25-101-60250-00-00,8.173054,5.7950187,0,1.0
25-101-06911-00-00,3.9714408,8.801555,-1,0.0
25-091-05034-00-00,2.569582,9.3746805,2,1.0
25-025-21403-00-00,3.6943352,10.485283,-1,0.0
25-101-07100-00-00,7.4920793,9.388809,-1,0.0
25-073-21512-00-00,0.4431896,9.947928,2,1.0
25-019-21096-00-00,3.990422,8.176171,2,1.0
25-083-21894-00-00,7.5122666,9.570601,4,0.6381966234426744
25-083-22191-00-00,6.7378163,7.9737926,3,0.8987282046463211
25-101-09896-00-00,6.8176327,4.848987,0,1.0
25-101-10984-00-00,5.770769,7.2627196,-1,0.0
25-101-06728-00-00,3.94932,7.503006,2,0.8583234909987445
25-101-09911-00-00,0.80520177,9.459925,-1,0.0
25-021-21160-00-00,2.6135073,8.525194,2,0.8800886882844865
25-091-21378-00-00,5.9235854,4.933622,0,1.0
25-083-21080-00-00,3.0202627,8.024519,2,0.9658315661652501
25-083-22316-00-00,7.8198495,8.504578,3,0.5784664060896801
25-101-10183-00-00,8.085603,9.423761,4,0.9299093123991067
25-025-21375-00-00,3.3576946,9.751457,2,0.9251215229191323
25-083-21494-00-00,8.224251,10.166927,4,1.0
25-069-60121-00-00,0.9739009,10.004488,2,1.0
25-105-21311-00-00,1.2751794,9.7311125,2,1.0
25-025-21510-00-00,3.9135997,8.095397,2,1.0
25-101-60098-00-00,6.995952,4.5519447,0,1.0
25-083-23131-00-00,4.03663,7.111234,-1,0.0
25-101-24215-00-00,5.9063344,7.951332,-1,0.0
25-101-05734-00-00,7.932002,5.539046,0,1.0
25-033-21121-00-00,4.225665,5.8003497,1,0.9770036790763238
25-101-60144-00-00,7.7268877,10.001832,4,0.9161224569478266
25-025-21202-00-00,6.271396,7.6518517,3,0.9287758747522923
25-073-05166-00-00,3.6528294,10.510087,-1,0.0
25-085-21114-00-00,1.2102655,9.332892,2,1.0
25-083-21964-00-00,6.7837863,8.442692,3,0.7516019122184219
25-101-60097-00-00,7.130623,4.5928373,0,1.0
25-025-22249-00-00,3.2368755,9.986555,2,1.0
25-025-23048-00-00,4.4479265,9.181728,-1,0.0
25-101-05715-00-00,7.875639,5.7040386,0,1.0
25-083-23271-00-00,4.23997,7.7812233,2,1.0
25-101-09945-00-00,4.065998,7.9322424,2,1.0
25-083-23103-00-00,6.671642,8.404056,3,0.6754589586533248
25-083-21717-00-00,2.570394,9.134865,2,0.8820798584825584
25-101-22195-00-00,7.81312,8.307036,3,0.6475686092636272
25-051-05454-00-00,7.1010885,8.375785,3,0.8656908809710193
25-101-05659-00-00,7.4097753,6.310029,0,1.0
25-083-22335-00-00,6.4218,7.7983685,3,0.7809780355300954
25-085-21848-00-00,5.966977,5.152337,0,1.0
25-101-05742-00-00,5.6446195,6.495486,-1,0.0
25-083-22144-00-00,6.488623,7.2992663,3,0.5909356815976257
25-073-05273-00-00,3.7863388,8.7436285,2,0.8169282327871429
25-085-21654-00-00,3.6640773,8.126625,2,1.0
25-083-22079-00-00,6.9740396,7.5607386,3,0.8206787767209084
25-083-22963-00-00,4.3359456,7.727842,2,1.0
25-101-23160-00-00,7.2174706,7.6107435,3,0.6939338974115042
25-083-22811-00-00,6.856584,8.278301,3,0.8537685487035442
25-035-05105-00-00,2.126008,8.655186,2,1.0
25-021-21135-00-00,1.9754244,8.483527,2,1.0
25-091-05039-00-00,2.9711213,8.376512,2,0.8345184699011027
25-073-05259-00-00,3.2269874,10.24671,2,1.0
25-101-06886-00-00,7.7922764,6.15047,0,0.9565756235630769
25-101-09887-00-00,1.7484088,8.600842,2,1.0
25-101-07211-00-00,7.3020506,7.1710796,3,0.5939139280906127
25-073-05313-00-00,3.7163856,10.167037,2,0.8662507017642714
25-025-21507-00-00,5.719407,5.6075125,0,0.7503369648880477
25-083-22017-00-00,7.3764687,8.584036,3,0.8068894209303574
25-105-21310-00-00,3.909642,9.962139,-1,0.0
25-065-05275-00-00,7.6861286,5.5885663,0,1.0
25-083-21972-00-00,6.9782043,7.859857,3,1.0
25-101-06949-00-00,2.7875378,9.630262,2,1.0
25-101-60139-00-00,7.665078,9.931976,4,0.6818319567824653
25-091-21521-00-00,7.8653736,9.817604,4,0.7338457104042737
25-083-22589-00-00,5.4423933,8.069946,-1,0.0
25-025-22402-00-00,7.8451705,5.700892,0,1.0
25-035-07190-00-00,4.4679236,9.903366,-1,0.0
25-087-21313-00-00,7.276108,8.265297,3,0.8977814964804598
25-083-23363-00-00,3.8823965,8.013433,2,1.0
25-005-23774-00-00,3.3984911,8.12895,2,1.0
25-099-21221-00-00,7.1110115,8.04809,3,0.9080993780036708
25-073-21521-00-00,8.132264,5.836072,0,1.0
25-083-21940-00-00,4.16902,8.425964,2,0.8723068231037907
25-091-05264-00-00,3.7269738,5.9934244,1,0.7781417240146403
25-025-21763-00-00,5.1096644,7.949969,2,0.8420195387557335
25-085-21709-00-00,6.7967095,4.758185,0,1.0
25-025-21784-00-00,3.5656948,9.941997,2,1.0
25-085-21908-00-00,5.8569326,4.963279,0,1.0
25-073-21136-00-00,1.7146627,9.805688,2,0.8596737733821015
25-025-21843-00-00,2.8436558,9.211866,2,0.8354789598510725
25-073-21622-00-00,8.2070675,5.869232,0,1.0
25-101-23514-00-00,4.5563855,6.039172,1,1.0
25-083-22976-00-00,4.6060276,7.9446926,2,0.9977276233086474
25-083-21035-00-00,3.9513066,8.112842,2,1.0
25-083-23049-00-00,7.385604,8.832223,3,0.6981456047736382
25-111-21160-00-00,6.6346483,7.6956463,3,1.0
25-085-21901-00-00,4.5991883,5.865141,1,1.0
25-009-21112-00-00,7.144814,4.6045923,0,1.0
25-085-05071-00-00,7.7697577,5.8674436,0,1.0
25-065-21637-00-00,5.1711645,7.7813635,2,0.8420195387557335
25-101-60141-00-00,7.9513865,10.14058,4,1.0
25-101-60271-00-00,6.235063,7.0025816,-1,0.0
25-083-21541-00-00,2.9361668,10.053361,2,1.0
25-083-21655-00-00,0.8633539,10.272967,2,1.0
25-101-06627-00-00,7.135893,8.526698,3,0.8693141017164461
25-065-21615-00-00,5.220664,7.753785,2,0.8420195387557335
25-073-05200-00-00,1.2401512,9.059219,-1,0.0
25-099-05411-00-00,6.808259,4.9631276,0,1.0
25-083-21751-00-00,2.998982,9.586216,2,1.0
25-083-21722-00-00,3.3453019,7.870328,2,0.9367581253731107
25-101-06370-00-00,8.65957,9.826946,4,0.8240716365017313
25-035-05687-00-00,7.704843,5.4402556,0,1.0
25-083-22253-00-00,6.7974644,8.237862,3,0.7516019122184219
25-091-05029-00-00,3.0726893,9.768737,2,1.0
25-083-21763-00-00,2.9017718,8.726875,-1,0.0
25-087-21651-00-00,8.429826,9.944937,4,1.0
25-083-21588-00-00,2.154469,8.286462,2,1.0
25-083-22636-00-00,6.755354,7.5919642,3,0.9696561435272185
25-065-21414-00-00,7.032639,7.7024407,3,1.0
25-101-05874-00-00,3.9817812,9.265113,-1,0.0
25-083-22577-00-00,6.6616936,7.3655577,3,0.6561487116811743
25-025-22396-00-00,3.3921387,10.1048,2,1.0
25-101-09903-00-00,5.9231553,4.655792,0,1.0
25-101-05755-00-00,6.635472,5.027813,0,1.0
25-091-05179-00-00,1.2511625,9.971149,2,1.0
25-003-21610-00-00,0.956585,10.230786,2,1.0
25-065-05127-00-00,0.9006912,10.239878,2,1.0
25-025-21775-00-00,3.3276694,8.827852,-1,0.0
25-083-23009-00-00,4.5892973,7.75012,2,1.0
25-083-21864-00-00,2.6670578,8.000089,2,1.0
25-101-05950-00-00,7.3872576,5.0463614,0,1.0
25-051-05312-00-00,7.905708,5.464208,0,1.0
25-101-09939-00-00,1.0432104,10.030225,2,1.0
25-025-21417-00-00,4.00884,8.772534,-1,0.0
25-083-22110-00-00,6.2292786,7.8758264,3,0.6862677941971727
25-025-22325-00-00,1.4560021,9.6178,2,1.0
25-091-21576-00-00,2.7065885,9.961349,2,0.9961472277016826
25-083-23226-00-00,6.5495753,8.443512,-1,0.0
25-083-22392-00-00,6.6585236,7.238108,-1,0.0
25-083-22156-00-00,7.6158895,8.429982,3,0.6475686092636272
25-083-22566-00-00,4.8061066,8.326179,-1,0.0
25-033-21095-00-00,7.813105,5.61866,0,1.0
25-083-21460-00-00,8.3450985,10.18839,4,1.0
25-073-21058-00-00,8.410206,9.926063,4,1.0
25-087-05257-00-00,1.1614006,9.602955,2,1.0
25-083-22663-00-00,5.313459,7.2852883,-1,0.0
25-073-05226-00-00,1.4395314,9.675258,2,1.0
25-101-09740-00-00,7.14832,8.50269,3,0.8779733803238372
25-101-06019-00-00,4.472291,8.026522,2,0.9752271714772096
25-083-22909-00-00,4.534002,6.552033,-1,0.0
25-083-21148-00-00,3.2340038,8.234062,2,1.0
25-073-05008-00-00,1.2701894,9.733854,2,1.0
25-085-21608-00-00,7.593238,9.059172,3,0.7244554985318337
25-085-05027-00-00,1.6967566,8.376213,2,1.0
25-101-23197-00-00,8.024162,9.142072,4,0.6224694655044578
25-085-05073-00-00,0.55790454,10.131937,2,1.0
25-073-05294-00-00,3.2477877,10.382069,2,1.0
25-101-22423-00-00,0.97912985,9.728531,2,1.0
25-083-22391-00-00,7.2651267,7.80588,3,0.7891306538368384
25-065-05585-00-00,6.1802444,4.7198443,0,1.0
25-065-21135-00-00,4.160507,5.83591,1,1.0
25-101-09892-00-00,6.291162,4.991391,0,1.0
25-101-60138-00-00,7.8601437,10.187689,4,1.0
25-083-21823-00-00,7.70973,8.917201,3,0.7128664350653541
25-101-21930-00-00,2.9681902,8.270909,2,1.0
25-083-21892-00-00,7.1863713,8.207711,3,0.8593765539488477
25-005-22578-00-00,7.594365,10.027871,4,0.6440121042426086
25-083-22135-00-00,3.5173526,7.7814994,2,1.0
25-003-05074-00-00,1.0108585,10.026809,2,1.0
25-101-10069-00-00,4.39694,6.8636384,-1,0.0
25-083-22534-00-00,6.135083,7.4110827,3,0.882301924468174
25-005-23783-00-00,8.47449,9.18446,4,0.8766128676547411
25-085-21590-00-00,8.150091,9.996737,4,1.0
25-101-10061-00-00,4.0006022,6.1063223,1,0.9785696441689188
25-101-05429-00-00,2.302804,8.168945,2,0.8992878981256379
25-091-21082-00-00,1.0776824,10.414483,2,0.9495646384845748
25-083-21350-00-00,3.0877786,9.931425,2,1.0
25-005-22528-00-00,3.1246345,9.992114,2,1.0
25-051-21307-00-00,6.168366,7.3558135,3,0.8283138849307053
25-083-22367-00-00,6.2197886,7.6102943,3,0.9459144989155106
25-009-21099-00-00,6.546678,4.621671,0,1.0
25-091-21623-00-00,2.4351776,8.850136,2,0.8457562485475775
25-083-23219-00-00,5.7899985,7.2940307,-1,0.0
25-065-21120-00-00,3.9142137,6.631791,1,1.0
25-073-05262-00-00,3.283519,10.368251,2,1.0
25-073-21500-00-00,0.42071977,9.947936,2,0.9994074797839032
25-101-09862-00-00,6.1441956,4.7136707,0,1.0
25-035-21165-00-00,2.642142,9.025407,-1,0.0
25-101-22783-00-00,6.9127774,7.6967907,3,1.0
25-051-21577-00-00,8.161671,9.9136,4,1.0
25-083-21279-00-00,3.0026388,7.4850125,-1,0.0
25-083-21305-00-00,1.9026855,8.514069,2,1.0
25-025-22228-00-00,2.895076,9.874945,2,1.0
25-073-05147-00-00,3.6420155,10.3300295,2,1.0
25-083-21623-00-00,3.8478615,8.781352,-1,0.0
25-025-22937-00-00,1.5876398,9.292609,2,1.0
25-091-21478-00-00,2.2872424,9.779399,2,1.0
25-073-05220-00-00,2.8902638,10.392265,-1,0.0
25-073-05251-00-00,0.9596487,10.156516,2,1.0
25-083-21780-00-00,3.3927398,9.430684,-1,0.0
25-101-21378-00-00,8.366583,9.116892,4,0.8766128676547411
25-085-21091-00-00,0.64582056,10.163817,2,1.0
25-083-22578-00-00,6.9279084,7.38216,3,0.6008804369944939
25-075-21431-00-00,6.207897,4.7039914,0,1.0
25-111-21157-00-00,3.873667,6.398474,1,1.0
25-101-23148-00-00,7.0917706,8.356861,3,0.8735858927649698
25-041-05060-00-00,5.401842,5.8867407,-1,0.0
25-083-22824-00-00,6.077199,7.468667,3,0.7678729687232209
25-101-06690-00-00,8.0663185,5.723859,0,1.0
25-083-22112-00-00,6.028898,7.4619007,3,0.7141649293832172
25-083-22839-00-00,3.928477,8.043405,2,1.0
25-101-05758-00-00,4.20371,9.021115,-1,0.0
25-025-21354-00-00,4.926363,8.095919,-1,0.0
25-085-21589-00-00,6.33584,4.9349656,0,1.0
25-101-22691-00-00,8.030852,9.910677,4,1.0
25-083-22411-00-00,5.9030495,7.3837905,3,0.6099918412101949
25-091-21498-00-00,1.3785152,9.880883,2,1.0
25-025-21821-00-00,6.788431,5.6906147,0,1.0
25-083-22300-00-00,7.001821,8.071678,3,1.0
25-083-21248-00-00,2.536026,9.806656,2,0.9165080945504578
25-087-05328-00-00,0.7656965,10.217833,2,1.0
