well,cluster,is_outlier,start_date
25-003-05007-00-00,1,True,1986-01-31
25-003-05009-00-00,1,False,1986-01-31
25-003-05057-00-00,0,False,1986-01-31
25-003-05067-00-00,1,False,1986-01-31
25-003-05068-00-00,0,False,1986-01-31
25-003-05069-00-00,1,False,1986-01-31
25-003-05074-00-00,0,False,1988-07-31
25-003-05076-00-00,1,False,1986-01-31
25-003-05078-00-00,1,False,1986-01-31
25-003-05083-00-00,1,False,1986-01-31
25-003-05107-00-00,1,False,1986-01-31
25-003-21003-00-00,0,False,1986-05-31
25-003-21115-00-00,0,False,1986-01-31
25-003-21125-00-00,0,False,1986-01-31
25-003-21142-00-00,0,False,1986-01-31
25-003-21143-00-00,0,False,1986-01-31
25-003-21146-00-00,0,False,1986-03-31
25-003-21610-00-00,0,False,2005-09-30
25-003-21618-00-00,0,False,2006-01-31
25-003-22927-00-00,1,True,2013-08-31
25-005-05034-00-00,0,False,1986-01-31
25-005-05039-00-00,0,False,1986-01-31
25-005-05044-00-00,0,False,1986-01-31
25-005-05053-00-00,0,False,1986-01-31
25-005-05054-00-00,1,False,1986-01-31
25-005-05061-00-00,1,False,1986-01-31
25-005-05062-00-00,0,False,1986-01-31
25-005-05068-00-00,0,False,1986-01-31
25-005-05077-00-00,1,False,1998-09-30
25-005-05078-00-00,1,False,1986-01-31
25-005-05089-00-00,0,False,1986-01-31
25-005-05090-00-00,1,False,1986-01-31
25-005-05123-00-00,0,False,1986-01-31
25-005-05124-00-00,1,False,1986-01-31
25-005-05130-00-00,1,False,1986-01-31
25-005-05131-00-00,0,False,1986-01-31
25-005-05142-00-00,1,False,1986-01-31
25-005-05156-00-00,1,False,1986-01-31
25-005-05163-00-00,0,False,1986-01-31
25-005-07001-00-00,1,False,1986-01-31
25-005-08003-00-00,0,False,1986-01-31
25-005-21623-00-00,1,False,1986-01-31
25-005-22528-00-00,0,False,1990-10-31
25-005-22529-00-00,0,False,1990-10-31
25-005-22565-00-00,0,False,1991-10-31
25-005-22578-00-00,0,False,1991-10-31
25-005-23649-00-00,0,False,2007-09-30
25-005-23650-00-00,0,False,2007-09-30
25-005-23651-00-00,0,False,2007-09-30
25-005-23652-00-00,0,False,2007-10-31
25-005-23723-00-00,0,False,2008-12-31
25-005-23724-00-00,0,False,2008-11-30
25-005-23725-00-00,0,False,2008-10-31
25-005-23773-00-00,0,False,2009-10-31
25-005-23774-00-00,0,False,2009-10-31
25-005-23783-00-00,0,False,2010-09-30
25-005-23786-00-00,0,False,2010-08-31
25-005-23795-00-00,0,False,2011-08-31
25-005-23796-00-00,1,False,2011-12-31
25-005-23797-00-00,1,False,2011-10-31
25-005-23798-00-00,0,False,2011-10-31
25-005-23804-00-00,0,False,2012-09-30
25-005-23805-00-00,1,False,2012-09-30
25-005-23816-00-00,0,False,2014-11-30
25-005-23817-00-00,0,False,2014-11-30
25-005-23830-00-00,0,False,2018-12-31
25-009-05000-00-00,0,False,1986-01-31
25-009-05004-00-00,0,False,1986-01-31
25-009-05005-00-00,1,False,1987-04-30
25-009-05010-00-00,1,False,1998-03-31
25-009-05015-00-00,1,False,1986-01-31
25-009-05016-00-00,0,False,1994-12-31
25-009-05019-00-00,0,False,1986-01-31
25-009-05020-00-00,0,False,1999-11-30
25-009-05021-00-00,1,False,1986-01-31
25-009-05022-00-00,0,False,1986-01-31
25-009-05023-00-00,1,False,1986-01-31
25-009-05024-00-00,1,False,1986-01-31
25-009-05025-00-00,1,False,1986-01-31
25-009-05026-00-00,0,False,1986-01-31
25-009-05032-00-00,0,False,1986-01-31
25-009-05036-00-00,0,False,1986-01-31
25-009-05039-00-00,0,False,1986-01-31
25-009-05042-00-00,0,False,1988-01-31
25-009-05043-00-00,1,False,1991-01-31
25-009-05046-00-00,1,True,1986-01-31
25-009-05047-00-00,1,False,1986-01-31
25-009-05048-00-00,1,False,1986-01-31
25-009-05050-00-00,0,False,1986-01-31
25-009-05053-00-00,1,False,1986-01-31
25-009-05055-00-00,1,False,1986-01-31
25-009-05057-00-00,0,False,1986-01-31
25-009-05059-00-00,0,False,1986-01-31
25-009-05356-00-00,1,False,1987-05-31
25-009-05361-00-00,1,False,1986-01-31
25-009-05368-00-00,1,False,1986-01-31
25-009-05372-00-00,1,False,1986-01-31
25-009-05382-00-00,1,False,1986-01-31
25-009-05383-00-00,1,False,1991-01-31
25-009-05384-00-00,1,False,1986-01-31
25-009-05393-00-00,0,False,2000-02-29
25-009-05396-00-00,1,False,1990-07-31
25-009-05400-00-00,1,False,1986-01-31
25-009-05401-00-00,1,False,1986-01-31
25-009-05402-00-00,0,False,1986-01-31
25-009-05403-00-00,1,False,1986-01-31
25-009-05408-00-00,1,False,1991-01-31
25-009-21002-00-00,0,False,1986-01-31
25-009-21008-00-00,1,False,1986-01-31
25-009-21009-00-00,1,False,1986-01-31
25-009-21010-00-00,1,False,1992-06-30
25-009-21011-00-00,0,False,1988-01-31
25-009-21013-00-00,1,False,2001-02-28
25-009-21014-00-00,1,True,1991-01-31
25-009-21050-00-00,0,False,2000-10-31
25-009-21063-00-00,0,False,1986-01-31
25-009-21083-00-00,0,False,1987-01-31
25-009-21086-00-00,0,False,1986-01-31
25-009-21088-00-00,0,False,1986-09-30
25-009-21099-00-00,0,False,1987-03-31
25-009-21112-00-00,0,False,1986-01-31
25-009-21119-00-00,0,False,1986-01-31
25-009-21162-00-00,0,False,1986-01-31
25-009-21169-00-00,1,False,1991-11-30
25-009-21204-00-00,0,False,1986-02-28
25-009-21224-00-00,1,False,1986-01-31
25-009-21225-00-00,1,False,1986-02-28
25-009-21226-00-00,0,False,1990-12-31
25-009-21227-00-00,0,False,1988-11-30
25-009-21234-00-00,0,False,1988-11-30
25-009-21238-00-00,1,False,1988-11-30
25-009-21257-00-00,0,False,1990-07-31
25-009-21258-00-00,0,False,1990-12-31
25-009-21276-00-00,0,False,2000-06-30
25-009-21294-00-00,0,False,2002-01-31
25-009-21297-00-00,0,False,2003-04-30
25-009-21299-00-00,0,False,2011-08-31
25-009-21302-00-00,0,False,2011-11-30
25-009-57104-00-00,1,False,2012-10-31
25-009-60035-00-00,1,False,2018-02-28
25-009-60069-00-00,1,False,1986-01-31
25-009-60074-00-00,0,False,1986-01-31
25-019-21096-00-00,0,False,1986-01-31
25-019-21099-00-00,0,False,1986-01-31
25-021-05135-00-00,0,False,1992-10-31
25-021-21069-00-00,1,False,1993-10-31
25-021-21112-00-00,0,False,1993-06-30
25-021-21116-00-00,0,False,1997-10-31
25-021-21128-00-00,0,False,1997-11-30
25-021-21131-00-00,0,False,1987-01-31
25-021-21135-00-00,0,False,1986-01-31
25-021-21158-00-00,0,False,1994-01-31
25-021-21160-00-00,0,False,1986-09-30
25-021-21181-00-00,0,False,1987-11-30
25-021-21183-00-00,0,False,1997-02-28
25-021-21184-00-00,0,False,1997-07-31
25-021-21193-00-00,0,False,1997-09-30
25-021-21199-00-00,1,False,2003-08-31
25-021-21200-00-00,0,False,2004-01-31
25-025-05158-00-00,0,False,2009-09-30
25-025-05164-00-00,0,False,2010-11-30
25-025-05226-00-00,0,False,2011-01-31
25-025-05466-00-00,0,False,2012-09-30
25-025-05468-00-00,0,False,2014-11-30
25-025-05591-00-00,0,False,2015-01-31
25-025-05695-00-00,1,False,1986-01-31
25-025-21008-00-00,1,False,1986-01-31
25-025-21021-00-00,0,False,1986-01-31
25-025-21054-00-00,1,False,1986-01-31
25-025-21073-00-00,1,False,1986-01-31
25-025-21077-00-00,0,False,1986-01-31
25-025-21162-00-00,1,False,1986-01-31
25-025-21171-00-00,1,False,1986-01-31
25-025-21172-00-00,0,False,1986-01-31
25-025-21202-00-00,0,False,1991-01-31
25-025-21203-00-00,0,False,1986-01-31
25-025-21261-00-00,0,False,1986-01-31
25-025-21265-00-00,1,False,1986-01-31
25-025-21273-00-00,1,False,1986-01-31
25-025-21276-00-00,0,False,1986-01-31
25-025-21277-00-00,0,False,1986-01-31
25-025-21278-00-00,0,False,1986-01-31
25-025-21279-00-00,0,False,1986-01-31
25-025-21285-00-00,0,False,1986-01-31
25-025-21292-00-00,0,False,1986-01-31
25-025-21293-00-00,0,False,1986-01-31
25-025-21337-00-00,1,False,1986-06-30
25-025-21341-00-00,0,False,1986-01-31
25-025-21350-00-00,0,False,1986-01-31
25-025-21352-00-00,0,False,1986-01-31
25-025-21353-00-00,0,False,1986-01-31
25-025-21354-00-00,0,False,1986-01-31
25-025-21360-00-00,0,False,1986-01-31
25-025-21364-00-00,1,False,1986-01-31
25-025-21374-00-00,1,False,1986-01-31
25-025-21375-00-00,0,False,1986-01-31
25-025-21380-00-00,0,False,1986-01-31
25-025-21400-00-00,1,False,1986-01-31
25-025-21401-00-00,0,False,1986-01-31
25-025-21403-00-00,0,False,1986-01-31
25-025-21405-00-00,0,False,1986-01-31
25-025-21406-00-00,0,False,1986-01-31
25-025-21417-00-00,0,False,1986-01-31
25-025-21420-00-00,1,False,1986-02-28
25-025-21434-00-00,0,False,1986-02-28
25-025-21440-00-00,0,False,1986-02-28
25-025-21462-00-00,0,False,1986-01-31
25-025-21463-00-00,0,False,1986-01-31
25-025-21470-00-00,0,False,1986-01-31
25-025-21471-00-00,0,False,1986-03-31
25-025-21472-00-00,0,False,1986-03-31
25-025-21486-00-00,0,False,1987-01-31
25-025-21494-00-00,0,False,1988-01-31
25-025-21497-00-00,0,False,1987-09-30
25-025-21501-00-00,0,False,1988-04-30
25-025-21503-00-00,1,False,1988-07-31
25-025-21510-00-00,0,False,1988-07-31
25-025-21517-00-00,0,False,1988-10-31
25-025-21519-00-00,0,False,1988-11-30
25-025-21523-00-00,1,False,1989-01-31
25-025-21527-00-00,0,False,1990-10-31
25-025-21532-00-00,0,False,1991-09-30
25-025-21538-00-00,0,False,1993-04-30
25-025-21541-00-00,1,True,1993-04-30
25-025-21543-00-00,0,False,1993-03-31
25-025-21549-00-00,0,False,1993-08-31
25-025-21551-00-00,0,False,1993-08-31
25-025-21555-00-00,0,False,1993-10-31
25-025-21575-00-00,1,False,1993-11-30
25-025-21581-00-00,0,False,1994-08-31
25-025-21584-00-00,0,False,1994-04-30
25-025-21589-00-00,1,True,1994-08-31
25-025-21591-00-00,1,True,1994-08-31
25-025-21597-00-00,1,False,1994-09-30
25-025-21645-00-00,0,False,1994-11-30
25-025-21650-00-00,1,False,1995-02-28
25-025-21694-00-00,0,False,1994-10-31
25-025-21695-00-00,0,False,1995-01-31
25-025-21699-00-00,0,False,1995-03-31
25-025-21701-00-00,0,False,1995-03-31
25-025-21718-00-00,0,False,1995-04-30
25-025-21722-00-00,0,False,1995-06-30
25-025-21725-00-00,0,False,1995-05-31
25-025-21728-00-00,0,False,1995-07-31
25-025-21729-00-00,0,False,1995-12-31
25-025-21761-00-00,0,False,1995-12-31
25-025-21762-00-00,1,False,1996-02-29
25-025-21763-00-00,0,False,1996-03-31
25-025-21766-00-00,0,False,1996-08-31
25-025-21768-00-00,0,False,1996-04-30
25-025-21775-00-00,0,False,1996-05-31
25-025-21778-00-00,0,False,1997-03-31
25-025-21781-00-00,0,False,1997-03-31
25-025-21784-00-00,1,False,1997-01-31
25-025-21794-00-00,0,False,1996-12-31
25-025-21843-00-00,1,False,1997-03-31
25-025-21867-00-00,1,False,1997-04-30
25-025-21930-00-00,1,False,1998-02-28
25-025-21987-00-00,0,False,1997-05-31
25-025-21989-00-00,0,False,1997-05-31
25-025-21990-00-00,0,False,1997-09-30
25-025-21991-00-00,0,False,1997-09-30
25-025-22034-00-00,0,False,1998-01-31
25-025-22035-00-00,0,False,1997-12-31
25-025-22036-00-00,0,False,1998-06-30
25-025-22198-00-00,0,False,1999-01-31
25-025-22202-00-00,0,False,1998-03-31
25-025-22228-00-00,0,False,1998-02-28
25-025-22236-00-00,0,False,1998-05-31
25-025-22237-00-00,1,False,1998-04-30
25-025-22238-00-00,1,False,1998-04-30
25-025-22249-00-00,1,True,1998-06-30
25-025-22250-00-00,1,False,1998-04-30
25-025-22260-00-00,0,False,1998-06-30
25-025-22261-00-00,0,False,1998-06-30
25-025-22272-00-00,0,False,1998-05-31
25-025-22325-00-00,1,True,1998-07-31
25-025-22326-00-00,1,True,1998-06-30
25-025-22327-00-00,0,False,1998-08-31
25-025-22328-00-00,0,False,1998-08-31
25-025-22330-00-00,0,False,1998-07-31
25-025-22334-00-00,1,False,1998-11-30
25-025-22335-00-00,0,False,1998-09-30
25-025-22337-00-00,0,False,1998-10-31
25-025-22338-00-00,0,False,1998-11-30
25-025-22348-00-00,0,False,1998-12-31
25-025-22396-00-00,0,False,1998-12-31
25-025-22421-00-00,0,False,1998-12-31
25-025-22422-00-00,0,False,1999-05-31
25-025-22423-00-00,1,True,1999-03-31
25-025-22424-00-00,1,False,1999-03-31
25-025-22449-00-00,0,False,1999-03-31
25-025-22450-00-00,0,False,1999-06-30
25-025-22451-00-00,1,False,1999-03-31
25-025-22493-00-00,0,False,1999-08-31
25-025-22517-00-00,0,False,1999-04-30
25-025-22543-00-00,0,False,1999-05-31
25-025-22937-00-00,1,True,1999-05-31
25-025-23019-00-00,0,False,1999-05-31
25-025-23045-00-00,1,False,1999-08-31
25-025-23047-00-00,0,False,1999-06-30
25-025-23048-00-00,0,False,1999-11-30
25-025-23062-00-00,0,False,1999-12-31
25-025-23078-00-00,1,False,1999-12-31
25-025-23079-00-00,0,False,2000-01-31
25-025-23080-00-00,0,False,2000-09-30
25-025-23081-00-00,1,False,2001-01-31
25-025-23082-00-00,0,False,2001-11-30
25-025-23083-00-00,1,False,2001-12-31
25-025-23091-00-00,0,False,2001-12-31
25-025-23092-00-00,0,False,2001-08-31
25-025-23095-00-00,0,False,2002-03-31
25-025-23097-00-00,0,False,2002-03-31
25-025-23103-00-00,0,False,2002-02-28
25-025-60014-00-00,0,False,2003-06-30
25-033-05088-00-00,0,False,2003-04-30
25-033-21095-00-00,1,False,2003-06-30
25-033-21098-00-00,1,False,2003-10-31
25-033-21110-00-00,0,False,2003-09-30
25-033-21111-00-00,0,False,2003-10-31
25-033-21121-00-00,0,False,2003-10-31
25-033-21127-00-00,0,False,2003-10-31
25-035-05046-00-00,1,False,2003-12-31
25-035-05061-00-00,0,False,2003-12-31
25-035-05063-00-00,1,False,2004-02-29
25-035-05066-00-00,1,False,2004-05-31
25-035-05076-00-00,0,False,2004-05-31
25-035-05091-00-00,1,True,2004-04-30
25-035-05105-00-00,0,False,2004-08-31
25-035-05334-00-00,1,True,2004-05-31
25-035-05348-00-00,0,False,2004-06-30
25-035-05369-00-00,0,False,2004-07-31
25-035-05439-00-00,1,False,2004-06-30
25-035-05483-00-00,1,False,2004-10-31
25-035-05592-00-00,0,False,2004-09-30
25-035-05678-00-00,1,False,2004-11-30
25-035-05687-00-00,1,False,2024-03-31
25-035-05701-00-00,1,False,2005-05-31
25-035-05714-00-00,0,False,2005-06-30
25-035-05717-00-00,0,False,2005-06-30
25-035-05718-00-00,1,False,2005-05-31
25-035-05729-00-00,0,False,2005-02-28
25-035-05779-00-00,1,False,2004-12-31
25-035-05806-00-00,0,False,2005-03-31
25-035-05815-00-00,0,False,2005-04-30
25-035-05825-00-00,0,False,2005-06-30
25-035-05867-00-00,0,False,2005-12-31
25-035-06166-00-00,0,False,2009-10-31
25-035-06173-00-00,1,False,2009-11-30
25-035-06185-00-00,1,False,2011-06-30
25-035-06253-00-00,1,False,2011-03-31
25-035-06276-00-00,1,False,2011-01-31
25-035-06280-00-00,1,True,2012-02-29
25-035-06567-00-00,1,False,2014-09-30
25-035-06626-00-00,1,True,2014-11-30
25-035-06627-00-00,0,False,2014-11-30
25-035-06741-00-00,1,True,2014-12-31
25-035-06762-00-00,0,False,2014-12-31
25-035-06772-00-00,1,False,2014-12-31
25-035-06790-00-00,1,False,2018-11-30
25-035-06796-00-00,0,False,2018-10-31
25-035-06801-00-00,1,False,2018-11-30
25-035-06803-00-00,1,False,2019-09-30
25-035-06818-00-00,1,False,2021-09-30
25-035-06823-00-00,0,False,2019-10-31
25-035-06826-00-00,1,False,2023-04-30
25-035-06828-00-00,1,False,2023-04-30
25-035-06832-00-00,1,False,1986-01-31
25-035-06839-00-00,0,False,2005-03-31
25-035-06907-00-00,0,False,1986-01-31
25-035-06946-00-00,1,False,1996-08-31
25-035-06950-00-00,0,False,1986-01-31
25-035-07190-00-00,0,False,1986-01-31
25-035-07193-00-00,0,False,1986-01-31
25-035-07212-00-00,0,False,1986-01-31
25-035-07221-00-00,1,False,1986-01-31
25-035-07239-00-00,1,False,2010-07-31
25-035-07261-00-00,0,False,1986-01-31
25-035-08655-00-00,0,False,1986-01-31
25-035-08690-00-00,0,False,1986-05-31
25-035-08701-00-00,0,False,1986-01-31
25-035-21012-00-00,1,False,1986-01-31
25-035-21031-00-00,1,False,1986-01-31
25-035-21039-00-00,0,False,2001-03-31
25-035-21069-00-00,1,False,1986-01-31
25-035-21153-00-00,0,False,1986-01-31
25-035-21155-00-00,0,False,1986-01-31
25-035-21157-00-00,1,False,2006-09-30
25-035-21158-00-00,0,False,1986-01-31
25-035-21163-00-00,0,False,1986-01-31
25-035-21165-00-00,0,False,1986-01-31
25-035-21166-00-00,0,False,1986-03-31
25-035-21167-00-00,0,False,1986-01-31
25-035-21168-00-00,0,False,1990-03-31
25-035-21177-00-00,0,False,1986-01-31
25-035-21204-00-00,0,False,1987-04-30
25-035-21214-00-00,0,False,1986-01-31
25-035-21222-00-00,0,False,1986-07-31
25-035-21226-00-00,1,False,1986-01-31
25-035-21239-00-00,1,False,1986-01-31
25-035-21241-00-00,0,False,1986-01-31
25-035-21332-00-00,1,False,1986-01-31
25-035-21376-00-00,0,False,1986-08-31
25-035-21402-00-00,1,False,1986-08-31
25-035-21411-00-00,1,False,1986-08-31
25-035-21419-00-00,0,False,1986-08-31
25-035-21432-00-00,0,False,1986-04-30
25-035-21463-00-00,0,False,1986-01-31
25-035-21499-00-00,0,False,1992-10-31
25-035-21550-00-00,1,False,1986-01-31
25-035-21574-00-00,1,False,1986-01-31
25-035-21595-00-00,0,False,1986-01-31
25-035-21619-00-00,0,False,1986-01-31
25-035-21631-00-00,0,False,1986-01-31
25-035-21633-00-00,0,False,1986-01-31
25-035-21653-00-00,0,False,1986-01-31
25-035-21698-00-00,0,False,1986-01-31
25-035-21700-00-00,0,False,1986-01-31
25-035-21705-00-00,0,False,1986-01-31
25-035-21706-00-00,0,False,1986-01-31
25-035-21710-00-00,0,False,1986-01-31
25-035-21782-00-00,1,False,1986-01-31
25-035-21795-00-00,1,False,1986-01-31
25-035-21879-00-00,1,False,1986-02-28
25-035-21905-00-00,0,False,1999-01-31
25-035-21915-00-00,0,False,1986-01-31
25-035-21916-00-00,0,False,1986-01-31
25-035-21917-00-00,1,False,1986-01-31
25-035-21936-00-00,0,False,1987-01-31
25-035-60013-00-00,1,False,1986-01-31
25-035-60025-00-00,1,False,1986-01-31
25-041-05060-00-00,1,False,1986-01-31
25-051-05215-00-00,1,False,1986-01-31
25-051-05253-00-00,0,False,1986-01-31
25-051-05254-00-00,0,False,1987-10-31
25-051-05293-00-00,1,False,1990-12-31
25-051-05312-00-00,0,False,1986-01-31
25-051-05314-00-00,1,False,1986-01-31
25-051-05316-00-00,1,False,1986-01-31
25-051-05326-00-00,0,False,1991-01-31
25-051-05332-00-00,0,False,1986-02-28
25-051-05336-00-00,1,False,1986-01-31
25-051-05343-00-00,1,True,1986-01-31
25-051-05436-00-00,0,False,1986-04-30
25-051-05454-00-00,0,False,1986-01-31
25-051-05461-00-00,0,False,1986-01-31
25-051-06480-00-00,0,False,1986-01-31
25-051-21017-00-00,0,False,1986-01-31
25-051-21021-00-00,0,False,1986-01-31
25-051-21307-00-00,0,False,1986-01-31
25-051-21323-00-00,0,False,1986-01-31
25-051-21330-00-00,1,False,1986-01-31
25-051-21343-00-00,0,False,1986-01-31
25-051-21412-00-00,1,False,1986-01-31
25-051-21465-00-00,0,False,1991-01-31
25-051-21466-00-00,1,False,1986-03-31
25-051-21499-00-00,0,False,1991-01-31
25-051-21526-00-00,0,False,1989-01-31
25-051-21577-00-00,0,False,1986-01-31
25-051-21615-00-00,0,False,1997-06-30
25-051-21803-00-00,0,False,1986-02-28
25-055-05082-00-00,1,True,1986-01-31
25-055-21045-00-00,1,False,1986-01-31
25-055-21070-00-00,1,False,1989-10-31
25-055-21100-00-00,0,False,1986-01-31
25-055-21103-00-00,1,False,1997-07-31
25-055-21111-00-00,0,False,1991-01-31
25-055-21124-00-00,0,False,1986-03-31
25-055-21128-00-00,0,False,1986-01-31
25-055-21208-00-00,0,False,1986-01-31
25-065-05113-00-00,1,False,1986-01-31
25-065-05126-00-00,0,False,1986-01-31
25-065-05127-00-00,0,False,1986-01-31
25-065-05128-00-00,0,False,1986-01-31
25-065-05162-00-00,1,False,1986-01-31
25-065-05164-00-00,1,False,1986-01-31
25-065-05182-00-00,1,False,1986-01-31
25-065-05270-00-00,1,False,1986-01-31
25-065-05275-00-00,1,False,1987-10-31
25-065-05306-00-00,1,False,1988-03-31
25-065-05585-00-00,0,False,1988-11-30
25-065-05594-00-00,0,False,1992-09-30
25-065-21006-00-00,0,False,1993-07-31
25-065-21013-00-00,0,False,1994-10-31
25-065-21035-00-00,0,False,1995-08-31
25-065-21092-00-00,1,False,1995-08-31
25-065-21093-00-00,0,False,1995-08-31
25-065-21111-00-00,1,False,1995-12-31
25-065-21112-00-00,0,False,2022-04-30
25-065-21113-00-00,1,False,2011-06-30
25-065-21115-00-00,0,False,1986-03-31
25-065-21119-00-00,0,False,1986-01-31
25-065-21120-00-00,1,False,1987-02-28
25-065-21121-00-00,0,False,1988-10-31
25-065-21124-00-00,1,False,2008-11-30
25-065-21135-00-00,0,False,1986-01-31
25-065-21192-00-00,0,False,1986-01-31
25-065-21208-00-00,1,False,1986-01-31
25-065-21210-00-00,1,False,1986-01-31
25-065-21217-00-00,1,False,2008-11-30
25-065-21243-00-00,0,False,1986-01-31
25-065-21276-00-00,1,False,1986-01-31
25-065-21324-00-00,1,True,1986-01-31
25-065-21343-00-00,0,False,1986-01-31
25-065-21380-00-00,0,False,1986-01-31
25-065-21432-00-00,0,False,1986-01-31
25-065-21442-00-00,0,False,1986-01-31
25-065-21494-00-00,0,False,1986-01-31
25-065-21588-00-00,1,False,2003-03-31
25-065-21615-00-00,1,False,1986-01-31
25-065-21627-00-00,0,False,2001-09-30
25-065-21628-00-00,1,False,1986-06-30
25-065-21637-00-00,1,False,1986-01-31
25-065-21673-00-00,0,False,1986-01-31
25-065-21758-00-00,0,False,2024-06-30
25-065-21774-00-00,0,False,1986-01-31
25-065-21775-00-00,0,False,1986-01-31
25-065-21807-00-00,0,False,1986-01-31
25-065-21839-00-00,0,False,1986-01-31
25-065-21841-00-00,0,False,1986-01-31
25-069-21025-00-00,0,False,1986-01-31
25-069-21072-00-00,0,False,1986-07-31
25-069-21108-00-00,1,False,1986-01-31
25-069-21116-00-00,1,False,2007-03-31
25-069-21119-00-00,0,False,1986-01-31
25-069-21120-00-00,0,False,1986-01-31
25-069-21121-00-00,0,False,1986-01-31
25-069-21124-00-00,1,False,1986-01-31
25-069-21129-00-00,0,False,1986-01-31
25-069-21138-00-00,1,False,1986-01-31
25-069-60079-00-00,0,False,1986-01-31
25-069-60121-00-00,1,False,1987-11-30
25-073-05008-00-00,1,True,1986-01-31
25-073-05080-00-00,0,False,1986-01-31
25-073-05111-00-00,0,False,2014-02-28
25-073-05112-00-00,0,False,2024-07-31
25-073-05115-00-00,1,True,1986-01-31
25-073-05116-00-00,1,False,1986-01-31
25-073-05125-00-00,0,False,1986-01-31
25-073-05134-00-00,1,True,1986-01-31
25-073-05136-00-00,1,False,1988-06-30
25-073-05146-00-00,1,False,1986-01-31
25-073-05147-00-00,0,False,1986-01-31
25-073-05157-00-00,0,False,1986-01-31
25-073-05163-00-00,0,False,1991-01-31
25-073-05166-00-00,0,False,1993-11-30
25-073-05175-00-00,0,False,1986-01-31
25-073-05176-00-00,0,False,1987-01-31
25-073-05183-00-00,0,False,1986-01-31
25-073-05190-00-00,0,False,1986-01-31
25-073-05191-00-00,1,False,1986-01-31
25-073-05192-00-00,1,False,1986-01-31
25-073-05193-00-00,1,False,1986-01-31
25-073-05194-00-00,0,False,1986-01-31
25-073-05198-00-00,0,False,1986-01-31
25-073-05200-00-00,1,False,1986-01-31
25-073-05201-00-00,1,False,1986-01-31
25-073-05209-00-00,1,False,1986-01-31
25-073-05216-00-00,0,False,1986-01-31
25-073-05220-00-00,1,False,1986-01-31
25-073-05221-00-00,1,False,1986-01-31
25-073-05224-00-00,1,False,1986-01-31
25-073-05225-00-00,1,False,1986-01-31
25-073-05226-00-00,1,False,1986-01-31
25-073-05227-00-00,0,False,1986-01-31
25-073-05229-00-00,1,False,1986-01-31
25-073-05235-00-00,0,False,1986-01-31
25-073-05237-00-00,1,False,1986-01-31
25-073-05238-00-00,0,False,1986-01-31
25-073-05245-00-00,0,False,1986-01-31
25-073-05246-00-00,1,False,1986-01-31
25-073-05250-00-00,0,False,1986-01-31
25-073-05251-00-00,1,False,1986-01-31
25-073-05252-00-00,0,False,1986-01-31
25-073-05255-00-00,0,False,1986-01-31
25-073-05258-00-00,0,False,1986-01-31
25-073-05259-00-00,1,False,1986-01-31
25-073-05262-00-00,1,False,1986-01-31
25-073-05264-00-00,0,False,1986-12-31
25-073-05267-00-00,1,False,1986-03-31
25-073-05271-00-00,0,False,1986-01-31
25-073-05272-00-00,1,False,1986-12-31
25-073-05273-00-00,0,False,1986-01-31
25-073-05274-00-00,1,False,1987-07-31
25-073-05280-00-00,0,False,1988-02-29
25-073-05285-00-00,0,False,1988-03-31
25-073-05286-00-00,1,True,1993-08-31
25-073-05290-00-00,1,False,1998-10-31
25-073-05292-00-00,0,False,2001-06-30
25-073-05294-00-00,0,False,2013-04-30
25-073-05295-00-00,1,False,2009-08-31
25-073-05308-00-00,0,False,1986-01-31
25-073-05311-00-00,0,False,1986-01-31
25-073-05313-00-00,0,False,1986-02-28
25-073-05323-00-00,1,True,1986-01-31
25-073-05325-00-00,1,True,1986-01-31
25-073-05329-00-00,1,True,1986-01-31
25-073-05333-00-00,1,True,1991-01-31
25-073-05334-00-00,1,True,1986-01-31
25-073-05367-00-00,0,False,1986-01-31
25-073-05573-00-00,0,False,1986-10-31
25-073-07021-00-00,1,True,1986-06-30
25-073-07023-00-00,0,False,2008-01-31
25-073-21058-00-00,1,False,2008-03-31
25-073-21115-00-00,1,False,1986-01-31
25-073-21134-00-00,1,False,1986-01-31
25-073-21136-00-00,1,False,1986-01-31
25-073-21172-00-00,0,False,1986-01-31
25-073-21195-00-00,0,False,1986-02-28
25-073-21225-00-00,1,False,1986-01-31
25-073-21325-00-00,1,False,1986-01-31
25-073-21372-00-00,0,False,1986-01-31
25-073-21398-00-00,0,False,1986-01-31
25-073-21434-00-00,1,True,1986-01-31
25-073-21445-00-00,0,False,1986-01-31
25-073-21462-00-00,0,False,1991-01-31
25-073-21481-00-00,0,False,1986-01-31
25-073-21482-00-00,0,False,1986-01-31
25-073-21488-00-00,0,False,1986-01-31
25-073-21500-00-00,0,False,1986-01-31
25-073-21503-00-00,0,False,1986-01-31
25-073-21512-00-00,0,False,1986-01-31
25-073-21521-00-00,1,False,1986-01-31
25-073-21522-00-00,1,False,1986-01-31
25-073-21535-00-00,1,False,1986-01-31
25-073-21546-00-00,1,False,1986-01-31
25-073-21552-00-00,1,False,1986-01-31
25-073-21557-00-00,0,False,1986-01-31
25-073-21558-00-00,0,False,1986-01-31
25-073-21578-00-00,0,False,1986-01-31
25-073-21581-00-00,0,False,1986-01-31
25-073-21584-00-00,0,False,1986-01-31
25-073-21585-00-00,0,False,1986-01-31
25-073-21587-00-00,0,False,1986-01-31
25-073-21618-00-00,0,False,1986-01-31
25-073-21622-00-00,1,False,1986-01-31
25-073-21638-00-00,1,False,1986-01-31
25-073-21668-00-00,0,False,1986-01-31
25-073-21669-00-00,0,False,1986-01-31
25-073-21670-00-00,0,False,1986-01-31
25-073-21680-00-00,1,False,1988-04-30
25-073-21772-00-00,1,False,1986-01-31
25-073-21855-00-00,1,True,1986-01-31
25-073-60001-00-00,1,True,1986-01-31
25-073-60015-00-00,1,False,1986-01-31
25-073-60054-00-00,1,False,1986-01-31
25-075-21025-00-00,1,False,1986-01-31
25-075-21038-00-00,0,False,1986-01-31
25-075-21052-00-00,0,False,1986-01-31
25-075-21083-00-00,1,True,1986-01-31
25-075-21105-00-00,0,False,1986-01-31
25-075-21115-00-00,0,False,1986-01-31
25-075-21124-00-00,0,False,1986-01-31
25-075-21127-00-00,1,False,1986-01-31
25-075-21130-00-00,1,False,1986-01-31
25-075-21131-00-00,1,False,1986-01-31
25-075-21133-00-00,0,False,1988-04-30
25-075-21141-00-00,1,False,1986-01-31
25-075-21155-00-00,0,False,1986-01-31
25-075-21161-00-00,0,False,1986-01-31
25-075-21228-00-00,0,False,1986-01-31
25-075-21297-00-00,0,False,1986-01-31
25-075-21299-00-00,0,False,1986-01-31
25-075-21303-00-00,0,False,1986-01-31
25-075-21340-00-00,1,False,1986-01-31
25-075-21367-00-00,1,False,1986-01-31
25-075-21399-00-00,0,False,1986-01-31
25-075-21417-00-00,0,False,1986-01-31
25-075-21431-00-00,1,False,1986-01-31
25-075-21452-00-00,0,False,1986-01-31
25-075-21480-00-00,0,False,1986-01-31
25-075-21641-00-00,0,False,1986-01-31
25-075-21642-00-00,0,False,1986-01-31
25-075-21659-00-00,1,True,1986-01-31
25-075-21670-00-00,0,False,1986-01-31
25-075-21735-00-00,0,False,1986-07-31
25-075-21783-00-00,0,False,1986-01-31
25-075-21789-00-00,0,False,1986-01-31
25-075-21795-00-00,1,False,1986-01-31
25-075-21808-00-00,0,False,1991-01-31
25-075-21820-00-00,1,False,1986-02-28
25-075-21970-00-00,1,False,1986-01-31
25-075-22022-00-00,0,False,1986-01-31
25-075-22078-00-00,1,False,1986-01-31
25-075-22087-00-00,1,False,1986-01-31
25-075-22115-00-00,0,False,1986-01-31
25-075-22117-00-00,0,False,1986-01-31
25-075-22437-00-00,0,False,1986-01-31
25-079-05013-00-00,0,False,1991-01-31
25-079-05091-00-00,1,False,1986-08-31
25-083-21008-00-00,0,False,1986-01-31
25-083-21013-00-00,0,False,1986-01-31
25-083-21016-00-00,1,True,1986-01-31
25-083-21018-00-00,0,False,1986-08-31
25-083-21024-00-00,1,False,1986-07-31
25-083-21031-00-00,1,False,1986-07-31
25-083-21034-00-00,0,False,1986-01-31
25-083-21035-00-00,0,False,1986-01-31
25-083-21051-00-00,0,False,1986-01-31
25-083-21060-00-00,0,False,1986-01-31
25-083-21080-00-00,1,False,1991-01-31
25-083-21084-00-00,0,False,1986-01-31
25-083-21101-00-00,0,False,1986-01-31
25-083-21112-00-00,1,False,1987-07-31
25-083-21119-00-00,0,False,1986-01-31
25-083-21141-00-00,1,False,1986-01-31
25-083-21143-00-00,0,False,1991-01-31
25-083-21148-00-00,0,False,1986-01-31
25-083-21153-00-00,0,False,1986-01-31
25-083-21161-00-00,1,False,1986-08-31
25-083-21174-00-00,0,False,1986-01-31
25-083-21181-00-00,1,False,1986-01-31
25-083-21185-00-00,0,False,1986-01-31
25-083-21194-00-00,0,False,1991-01-31
25-083-21206-00-00,0,False,1986-06-30
25-083-21209-00-00,1,False,1986-01-31
25-083-21211-00-00,0,False,1986-01-31
25-083-21215-00-00,0,False,1986-01-31
25-083-21220-00-00,0,False,1986-01-31
25-083-21222-00-00,0,False,1986-02-28
25-083-21225-00-00,0,False,2000-04-30
25-083-21244-00-00,0,False,2013-04-30
25-083-21248-00-00,0,False,1986-08-31
25-083-21273-00-00,0,False,1986-01-31
25-083-21275-00-00,1,False,1986-01-31
25-083-21280-00-00,0,False,1991-01-31
25-083-21281-00-00,0,False,1986-01-31
25-083-21284-00-00,0,False,1986-01-31
25-083-21290-00-00,0,False,1986-01-31
25-083-21292-00-00,0,False,1988-03-31
25-083-21302-00-00,0,False,1986-01-31
25-083-21303-00-00,0,False,1986-01-31
25-083-21305-00-00,0,False,2021-07-31
25-083-21306-00-00,0,False,1986-01-31
25-083-21308-00-00,0,False,1986-01-31
25-083-21328-00-00,1,False,1986-01-31
25-083-21329-00-00,0,False,1991-01-31
25-083-21344-00-00,1,False,1986-01-31
25-083-21346-00-00,1,True,1986-01-31
25-083-21350-00-00,0,False,1986-01-31
25-083-21368-00-00,1,False,1986-01-31
25-083-21372-00-00,0,False,1986-01-31
25-083-21409-00-00,1,False,1986-01-31
25-083-21420-00-00,0,False,1986-01-31
25-083-21445-00-00,1,False,1986-01-31
25-083-21449-00-00,0,False,1986-01-31
25-083-21460-00-00,0,False,2006-09-30
25-083-21468-00-00,1,False,1986-01-31
25-083-21490-00-00,0,False,1986-01-31
25-083-21492-00-00,1,False,1996-09-30
25-083-21494-00-00,0,False,1986-01-31
25-083-21502-00-00,0,False,1986-01-31
25-083-21514-00-00,0,False,1986-01-31
25-083-21533-00-00,0,False,1999-07-31
25-083-21536-00-00,1,False,1986-01-31
25-083-21540-00-00,0,False,1986-01-31
25-083-21541-00-00,1,False,1986-01-31
25-083-21571-00-00,1,False,2015-04-30
25-083-21580-00-00,0,False,1986-01-31
25-083-21581-00-00,0,False,1986-01-31
25-083-21582-00-00,1,False,1986-01-31
25-083-21588-00-00,0,False,1986-01-31
25-083-21591-00-00,0,False,1986-01-31
25-083-21594-00-00,0,False,1986-01-31
25-083-21597-00-00,0,False,1986-01-31
25-083-21609-00-00,0,False,1986-01-31
25-083-21613-00-00,0,False,1987-03-31
25-083-21622-00-00,0,False,1986-01-31
25-083-21623-00-00,0,False,2013-10-31
25-083-21624-00-00,0,False,2023-01-31
25-083-21636-00-00,0,False,1986-01-31
25-083-21644-00-00,1,False,1986-01-31
25-083-21646-00-00,1,False,1986-01-31
25-083-21648-00-00,0,False,1993-11-30
25-083-21655-00-00,1,True,1986-01-31
25-083-21656-00-00,0,False,1986-01-31
25-083-21666-00-00,1,False,1986-01-31
25-083-21683-00-00,1,False,1986-01-31
25-083-21690-00-00,0,False,1986-01-31
25-083-21693-00-00,0,False,1986-01-31
25-083-21702-00-00,0,False,1998-03-31
25-083-21703-00-00,0,False,2000-01-31
25-083-21717-00-00,0,False,1986-01-31
25-083-21722-00-00,0,False,1986-01-31
25-083-21724-00-00,0,False,1986-01-31
25-083-21731-00-00,0,False,1986-01-31
25-083-21732-00-00,0,False,1986-01-31
25-083-21751-00-00,0,False,1986-01-31
25-083-21756-00-00,0,False,1986-01-31
25-083-21758-00-00,0,False,1986-01-31
25-083-21763-00-00,0,False,1986-01-31
25-083-21769-00-00,0,False,1986-05-31
25-083-21780-00-00,0,False,1986-01-31
25-083-21785-00-00,0,False,1986-01-31
25-083-21791-00-00,0,False,1986-01-31
25-083-21793-00-00,0,False,1986-01-31
25-083-21794-00-00,0,False,1986-01-31
25-083-21803-00-00,1,False,1986-01-31
25-083-21806-00-00,0,False,1986-01-31
25-083-21809-00-00,0,False,1986-01-31
25-083-21814-00-00,0,False,1986-02-28
25-083-21818-00-00,0,False,1986-01-31
25-083-21820-00-00,0,False,1986-01-31
25-083-21823-00-00,0,False,1986-01-31
25-083-21849-00-00,0,False,1986-01-31
25-083-21852-00-00,0,False,1986-01-31
25-083-21863-00-00,0,False,1986-01-31
25-083-21864-00-00,0,False,1986-01-31
25-083-21873-00-00,0,False,1986-01-31
25-083-21875-00-00,0,False,1986-04-30
25-083-21878-00-00,1,False,1986-01-31
25-083-21879-00-00,0,False,1986-01-31
25-083-21880-00-00,0,False,1986-01-31
25-083-21881-00-00,0,False,1986-01-31
25-083-21883-00-00,0,False,1986-01-31
25-083-21885-00-00,0,False,1986-01-31
25-083-21888-00-00,0,False,1986-01-31
25-083-21889-00-00,0,False,1986-01-31
25-083-21890-00-00,1,False,1986-01-31
25-083-21892-00-00,0,False,1986-01-31
25-083-21894-00-00,0,False,1986-01-31
25-083-21896-00-00,0,False,1986-01-31
25-083-21897-00-00,0,False,1986-01-31
25-083-21899-00-00,0,False,1986-01-31
25-083-21903-00-00,0,False,1986-01-31
25-083-21904-00-00,0,False,1986-01-31
25-083-21907-00-00,0,False,1986-01-31
25-083-21909-00-00,1,False,1986-01-31
25-083-21910-00-00,0,False,1986-01-31
25-083-21911-00-00,0,False,1986-01-31
25-083-21917-00-00,0,False,1986-01-31
25-083-21937-00-00,0,False,1986-01-31
25-083-21940-00-00,0,False,1986-01-31
25-083-21941-00-00,0,False,1986-06-30
25-083-21942-00-00,0,False,1986-08-31
25-083-21949-00-00,0,False,1986-01-31
25-083-21951-00-00,0,False,1986-01-31
25-083-21955-00-00,0,False,1986-01-31
25-083-21964-00-00,0,False,1986-01-31
25-083-21965-00-00,0,False,1986-01-31
25-083-21972-00-00,0,False,1987-01-31
25-083-21980-00-00,0,False,1986-01-31
25-083-21986-00-00,0,False,1986-01-31
25-083-22001-00-00,0,False,1986-01-31
25-083-22002-00-00,0,False,1986-01-31
25-083-22004-00-00,0,False,1986-01-31
25-083-22005-00-00,0,False,1986-01-31
25-083-22012-00-00,0,False,1986-01-31
25-083-22017-00-00,0,False,1986-01-31
25-083-22024-00-00,0,False,1986-01-31
25-083-22034-00-00,0,False,1986-01-31
25-083-22036-00-00,0,False,1986-01-31
25-083-22038-00-00,0,False,1986-01-31
25-083-22041-00-00,0,False,1986-01-31
25-083-22056-00-00,0,False,1986-01-31
25-083-22060-00-00,0,False,1986-01-31
25-083-22062-00-00,0,False,1986-01-31
25-083-22071-00-00,0,False,1986-01-31
25-083-22074-00-00,0,False,1986-01-31
25-083-22076-00-00,0,False,1986-01-31
25-083-22079-00-00,0,False,1986-01-31
25-083-22085-00-00,0,False,1986-01-31
25-083-22086-00-00,0,False,1986-01-31
25-083-22090-00-00,0,False,1986-01-31
25-083-22092-00-00,0,False,1986-01-31
25-083-22095-00-00,0,False,1986-01-31
25-083-22096-00-00,0,False,1989-02-28
25-083-22100-00-00,0,False,1997-04-30
25-083-22101-00-00,0,False,1986-01-31
25-083-22103-00-00,0,False,1986-01-31
25-083-22104-00-00,0,False,1986-01-31
25-083-22105-00-00,0,False,1986-01-31
25-083-22106-00-00,0,False,1986-01-31
25-083-22107-00-00,0,False,1986-01-31
25-083-22108-00-00,0,False,1986-01-31
25-083-22110-00-00,0,False,1997-08-31
25-083-22112-00-00,0,False,1986-01-31
25-083-22115-00-00,0,False,1986-01-31
25-083-22118-00-00,0,False,1986-01-31
25-083-22123-00-00,0,False,1998-06-30
25-083-22133-00-00,0,False,1986-01-31
25-083-22135-00-00,0,False,1986-01-31
25-083-22136-00-00,0,False,1986-01-31
25-083-22137-00-00,0,False,1986-01-31
25-083-22141-00-00,0,False,1986-01-31
25-083-22142-00-00,0,False,1986-12-31
25-083-22144-00-00,0,False,1987-10-31
25-083-22151-00-00,0,False,1987-10-31
25-083-22154-00-00,0,False,1988-01-31
25-083-22155-00-00,0,False,1988-09-30
25-083-22156-00-00,0,False,1989-09-30
25-083-22158-00-00,0,False,1990-06-30
25-083-22159-00-00,0,False,1991-03-31
25-083-22176-00-00,0,False,1991-07-31
25-083-22178-00-00,0,False,1992-02-29
25-083-22180-00-00,0,False,1993-02-28
25-083-22184-00-00,0,False,1992-11-30
25-083-22191-00-00,0,False,1993-04-30
25-083-22195-00-00,0,False,1995-06-30
25-083-22202-00-00,0,False,1995-02-28
25-083-22206-00-00,0,False,1995-06-30
25-083-22210-00-00,0,False,1996-03-31
25-083-22225-00-00,0,False,1997-03-31
25-083-22233-00-00,0,False,1997-05-31
25-083-22236-00-00,0,False,1997-10-31
25-083-22237-00-00,0,False,1997-10-31
25-083-22238-00-00,0,False,1998-12-31
25-083-22242-00-00,0,False,1999-03-31
25-083-22243-00-00,0,False,1999-11-30
25-083-22248-00-00,0,False,2000-02-29
25-083-22250-00-00,0,False,2000-03-31
25-083-22253-00-00,0,False,2000-06-30
25-083-22258-00-00,0,False,2000-10-31
25-083-22260-00-00,0,False,2000-11-30
25-083-22263-00-00,0,False,2001-01-31
25-083-22264-00-00,0,False,2001-03-31
25-083-22265-00-00,0,False,2001-07-31
25-083-22267-00-00,0,False,2001-04-30
25-083-22274-00-00,0,False,2001-08-31
25-083-22283-00-00,0,False,2001-05-31
25-083-22285-00-00,1,False,2001-07-31
25-083-22287-00-00,0,False,2001-07-31
25-083-22290-00-00,0,False,2001-08-31
25-083-22291-00-00,0,False,2001-09-30
25-083-22296-00-00,0,False,2001-11-30
25-083-22299-00-00,0,False,2002-03-31
25-083-22300-00-00,0,False,2001-12-31
25-083-22313-00-00,0,False,2002-03-31
25-083-22316-00-00,0,False,2002-02-28
25-083-22318-00-00,0,False,2002-09-30
25-083-22319-00-00,0,False,2002-07-31
25-083-22335-00-00,0,False,2002-07-31
25-083-22344-00-00,0,False,2002-06-30
25-083-22346-00-00,0,False,2002-09-30
25-083-22366-00-00,0,False,2003-05-31
25-083-22367-00-00,0,False,2004-10-31
25-083-22382-00-00,0,False,2003-02-28
25-083-22384-00-00,0,False,2003-01-31
25-083-22386-00-00,0,False,2003-03-31
25-083-22387-00-00,0,False,2003-08-31
25-083-22391-00-00,0,False,2004-11-30
25-083-22392-00-00,0,False,2003-09-30
25-083-22394-00-00,0,False,2003-08-31
25-083-22395-00-00,0,False,2003-09-30
25-083-22406-00-00,0,False,2003-08-31
25-083-22411-00-00,0,False,2004-04-30
25-083-22414-00-00,0,False,2003-12-31
25-083-22415-00-00,0,False,2004-01-31
25-083-22416-00-00,0,False,2004-08-31
25-083-22417-00-00,0,False,2003-12-31
25-083-22421-00-00,0,False,2004-04-30
25-083-22423-00-00,0,False,2004-04-30
25-083-22425-00-00,0,False,2004-01-31
25-083-22426-00-00,0,False,2006-05-31
25-083-22427-00-00,0,False,2004-06-30
25-083-22431-00-00,0,False,2003-12-31
25-083-22433-00-00,0,False,2004-06-30
25-083-22435-00-00,0,False,2004-09-30
25-083-22436-00-00,0,False,2005-04-30
25-083-22437-00-00,0,False,2004-10-31
25-083-22441-00-00,0,False,2004-03-31
25-083-22442-00-00,0,False,2005-10-31
25-083-22447-00-00,0,False,2004-08-31
25-083-22448-00-00,0,False,2004-05-31
25-083-22451-00-00,0,False,2005-12-31
25-083-22453-00-00,0,False,2004-04-30
25-083-22454-00-00,0,False,2004-04-30
25-083-22461-00-00,0,False,2004-12-31
25-083-22466-00-00,0,False,2004-11-30
25-083-22470-00-00,0,False,2006-04-30
25-083-22471-00-00,0,False,2007-02-28
25-083-22472-00-00,0,False,2005-12-31
25-083-22483-00-00,0,False,2005-07-31
25-083-22485-00-00,0,False,2004-07-31
25-083-22486-00-00,0,False,2005-06-30
25-083-22488-00-00,0,False,2005-08-31
25-083-22492-00-00,0,False,2004-03-31
25-083-22493-00-00,0,False,2005-04-30
25-083-22495-00-00,0,False,2004-05-31
25-083-22504-00-00,0,False,2004-06-30
25-083-22505-00-00,0,False,2004-09-30
25-083-22507-00-00,0,False,2004-12-31
25-083-22510-00-00,0,False,2004-08-31
25-083-22512-00-00,0,False,2004-06-30
25-083-22516-00-00,0,False,2004-07-31
25-083-22517-00-00,0,False,2004-06-30
25-083-22523-00-00,0,False,2004-08-31
25-083-22530-00-00,0,False,2005-11-30
25-083-22532-00-00,0,False,2004-07-31
25-083-22534-00-00,0,False,2004-09-30
25-083-22536-00-00,0,False,2004-10-31
25-083-22538-00-00,0,False,2004-08-31
25-083-22539-00-00,0,False,2004-10-31
25-083-22542-00-00,0,False,2004-10-31
25-083-22545-00-00,0,False,2007-03-31
25-083-22547-00-00,0,False,2005-08-31
25-083-22549-00-00,0,False,2004-10-31
25-083-22552-00-00,0,False,2005-07-31
25-083-22553-00-00,0,False,2005-01-31
25-083-22556-00-00,0,False,2005-03-31
25-083-22557-00-00,0,False,2004-12-31
25-083-22558-00-00,0,False,2005-06-30
25-083-22562-00-00,0,False,2005-01-31
25-083-22566-00-00,0,False,2005-05-31
25-083-22575-00-00,0,False,2005-01-31
25-083-22577-00-00,0,False,2005-01-31
25-083-22578-00-00,0,False,2005-08-31
25-083-22581-00-00,0,False,2005-01-31
25-083-22586-00-00,0,False,2005-02-28
25-083-22587-00-00,0,False,2005-04-30
25-083-22588-00-00,0,False,2005-02-28
25-083-22589-00-00,0,False,2005-07-31
25-083-22600-00-00,0,False,2005-04-30
25-083-22610-00-00,0,False,2005-04-30
25-083-22611-00-00,0,False,2005-07-31
25-083-22615-00-00,0,False,2005-08-31
25-083-22618-00-00,0,False,2005-07-31
25-083-22619-00-00,0,False,2005-05-31
25-083-22622-00-00,0,False,2005-07-31
25-083-22623-00-00,0,False,2005-08-31
25-083-22626-00-00,0,False,2006-03-31
25-083-22627-00-00,0,False,2005-12-31
25-083-22628-00-00,0,False,2005-10-31
25-083-22629-00-00,0,False,2006-02-28
25-083-22632-00-00,0,False,2005-09-30
25-083-22635-00-00,0,False,2005-09-30
25-083-22636-00-00,0,False,2006-07-31
25-083-22638-00-00,0,False,2005-10-31
25-083-22639-00-00,0,False,2005-11-30
25-083-22640-00-00,0,False,2005-09-30
25-083-22642-00-00,0,False,2005-10-31
25-083-22643-00-00,0,False,2005-11-30
25-083-22644-00-00,0,False,2006-03-31
25-083-22652-00-00,0,False,2006-05-31
25-083-22661-00-00,0,False,2006-08-31
25-083-22662-00-00,0,False,2005-12-31
25-083-22663-00-00,0,False,2006-04-30
25-083-22664-00-00,0,False,2006-03-31
25-083-22666-00-00,0,False,2006-04-30
25-083-22668-00-00,0,False,2006-03-31
25-083-22672-00-00,0,False,2006-01-31
25-083-22679-00-00,0,False,2006-07-31
25-083-22682-00-00,0,False,2006-04-30
25-083-22687-00-00,0,False,2006-02-28
25-083-22692-00-00,0,False,2006-05-31
25-083-22697-00-00,0,False,2006-03-31
25-083-22698-00-00,0,False,2006-03-31
25-083-22701-00-00,0,False,2007-12-31
25-083-22706-00-00,0,False,2006-03-31
25-083-22708-00-00,0,False,2006-05-31
25-083-22710-00-00,0,False,2006-03-31
25-083-22712-00-00,0,False,2006-04-30
25-083-22715-00-00,0,False,2006-08-31
25-083-22727-00-00,0,False,2006-04-30
25-083-22735-00-00,0,False,2006-04-30
25-083-22742-00-00,0,False,2006-08-31
25-083-22745-00-00,0,False,2006-05-31
25-083-22747-00-00,0,False,2006-09-30
25-083-22751-00-00,0,False,2006-06-30
25-083-22753-00-00,0,False,2006-08-31
25-083-22761-00-00,0,False,2006-09-30
25-083-22765-00-00,0,False,2007-06-30
25-083-22766-00-00,0,False,2006-06-30
25-083-22767-00-00,0,False,2006-05-31
25-083-22772-00-00,0,False,2007-02-28
25-083-22773-00-00,0,False,2006-07-31
25-083-22780-00-00,0,False,2006-06-30
25-083-22797-00-00,0,False,2006-05-31
25-083-22803-00-00,0,False,2006-10-31
25-083-22804-00-00,0,False,2006-10-31
25-083-22805-00-00,1,False,2006-09-30
25-083-22811-00-00,0,False,2006-07-31
25-083-22815-00-00,0,False,2006-07-31
25-083-22818-00-00,0,False,2006-08-31
25-083-22824-00-00,0,False,2006-08-31
25-083-22830-00-00,0,False,2006-08-31
25-083-22831-00-00,0,False,2006-09-30
25-083-22832-00-00,0,False,2007-01-31
25-083-22837-00-00,0,False,2006-06-30
25-083-22839-00-00,0,False,2006-08-31
25-083-22842-00-00,0,False,2007-03-31
25-083-22851-00-00,0,False,2006-11-30
25-083-22852-00-00,0,False,2006-07-31
25-083-22861-00-00,0,False,2007-04-30
25-083-22865-00-00,0,False,2006-12-31
25-083-22867-00-00,0,False,2007-01-31
25-083-22873-00-00,0,False,2007-01-31
25-083-22874-00-00,0,False,2007-07-31
25-083-22876-00-00,0,False,2007-01-31
25-083-22877-00-00,0,False,2007-05-31
25-083-22879-00-00,0,False,2007-03-31
25-083-22881-00-00,0,False,2007-01-31
25-083-22896-00-00,0,False,2007-01-31
25-083-22897-00-00,0,False,2008-07-31
25-083-22901-00-00,0,False,2006-12-31
25-083-22902-00-00,0,False,2006-11-30
25-083-22903-00-00,0,False,2006-12-31
25-083-22907-00-00,0,False,2007-01-31
25-083-22908-00-00,0,False,2008-08-31
25-083-22911-00-00,0,False,2006-12-31
25-083-22914-00-00,0,False,2007-01-31
25-083-22929-00-00,0,False,2007-02-28
25-083-22932-00-00,0,False,2007-02-28
25-083-22935-00-00,0,False,2007-03-31
25-083-22937-00-00,0,False,2007-03-31
25-083-22947-00-00,0,False,2007-02-28
25-083-22963-00-00,0,False,2007-04-30
25-083-22968-00-00,0,False,2007-05-31
25-083-22971-00-00,0,False,2007-03-31
25-083-22972-00-00,0,False,2007-03-31
25-083-22976-00-00,1,False,2011-05-31
25-083-22978-00-00,0,False,2007-05-31
25-083-22979-00-00,0,False,2007-05-31
25-083-22990-00-00,0,False,2007-05-31
25-083-23002-00-00,0,False,2007-06-30
25-083-23008-00-00,0,False,2007-05-31
25-083-23009-00-00,0,False,2007-06-30
25-083-23015-00-00,0,False,2007-05-31
25-083-23044-00-00,0,False,2007-05-31
25-083-23045-00-00,0,False,2007-07-31
25-083-23049-00-00,0,False,2007-08-31
25-083-23055-00-00,0,False,2007-07-31
25-083-23056-00-00,0,False,2007-10-31
25-083-23068-00-00,0,False,2007-06-30
25-083-23074-00-00,0,False,2007-08-31
25-083-23080-00-00,0,False,2007-07-31
25-083-23086-00-00,0,False,2007-07-31
25-083-23087-00-00,0,False,2007-07-31
25-083-23092-00-00,0,False,2007-09-30
25-083-23098-00-00,0,False,2007-07-31
25-083-23102-00-00,0,False,2007-09-30
25-083-23103-00-00,0,False,2007-10-31
25-083-23106-00-00,0,False,2007-08-31
25-083-23112-00-00,0,False,2007-10-31
25-083-23118-00-00,0,False,2007-10-31
25-083-23119-00-00,0,False,2007-09-30
25-083-23121-00-00,0,False,2007-09-30
25-083-23128-00-00,0,False,2007-11-30
25-083-23131-00-00,0,False,2007-10-31
25-083-23143-00-00,0,False,2007-12-31
25-083-23156-00-00,0,False,2007-10-31
25-083-23159-00-00,0,False,2007-11-30
25-083-23160-00-00,0,False,2008-01-31
25-083-23161-00-00,0,False,2007-10-31
25-083-23162-00-00,0,False,2008-01-31
25-083-23168-00-00,0,False,2008-03-31
25-083-23171-00-00,0,False,2008-02-29
25-083-23173-00-00,0,False,2008-08-31
25-083-23174-00-00,0,False,2008-03-31
25-083-23175-00-00,0,False,2008-03-31
25-083-23177-00-00,0,False,2008-03-31
25-083-23178-00-00,0,False,2008-05-31
25-083-23179-00-00,0,False,2008-05-31
25-083-23190-00-00,0,False,2008-12-31
25-083-23191-00-00,0,False,2008-11-30
25-083-23192-00-00,0,False,2008-06-30
25-083-23197-00-00,0,False,2009-02-28
25-083-23209-00-00,0,False,2008-10-31
25-083-23218-00-00,0,False,2008-09-30
25-083-23219-00-00,0,False,2008-08-31
25-083-23223-00-00,0,False,2008-12-31
25-083-23224-00-00,0,False,2008-09-30
25-083-23225-00-00,0,False,2008-11-30
25-083-23226-00-00,0,False,2009-03-31
25-083-23227-00-00,0,False,2009-01-31
25-083-23228-00-00,0,False,2011-02-28
25-083-23229-00-00,0,False,2009-05-31
25-083-23239-00-00,0,False,2010-03-31
25-083-23245-00-00,0,False,2010-01-31
25-083-23256-00-00,0,False,2010-04-30
25-083-23267-00-00,0,False,2010-02-28
25-083-23270-00-00,0,False,2011-10-31
25-083-23271-00-00,0,False,2010-06-30
25-083-23283-00-00,0,False,2010-09-30
25-083-23284-00-00,0,False,2010-11-30
25-083-23315-00-00,0,False,2010-09-30
25-083-23316-00-00,0,False,2010-06-30
25-083-23345-00-00,0,False,2011-06-30
25-083-23346-00-00,0,False,2010-10-31
25-083-23348-00-00,0,False,2010-12-31
25-083-23355-00-00,0,False,2011-01-31
25-083-23356-00-00,0,False,2010-11-30
25-083-23357-00-00,0,False,2011-01-31
25-083-23358-00-00,0,False,2012-12-31
25-083-23363-00-00,0,False,2011-02-28
25-085-05014-00-00,0,False,2011-06-30
25-085-05019-00-00,1,False,2011-06-30
25-085-05021-00-00,1,False,2015-05-31
25-085-05025-00-00,0,False,2015-05-31
25-085-05027-00-00,0,False,2011-10-31
25-085-05030-00-00,1,False,2011-10-31
25-085-05032-00-00,1,False,2012-07-31
25-085-05041-00-00,1,False,2012-02-29
25-085-05045-00-00,0,False,2012-03-31
25-085-05049-00-00,0,False,2012-06-30
25-085-05050-00-00,1,False,2012-02-29
25-085-05051-00-00,0,False,2013-01-31
25-085-05056-00-00,1,False,2012-10-31
25-085-05057-00-00,1,False,2012-04-30
25-085-05058-00-00,0,False,2012-01-31
25-085-05059-00-00,1,False,2012-04-30
25-085-05061-00-00,0,False,2012-07-31
25-085-05062-00-00,0,False,2012-05-31
25-085-05064-00-00,1,False,2013-01-31
25-085-05065-00-00,0,False,2012-04-30
25-085-05067-00-00,0,False,2012-11-30
25-085-05069-00-00,1,False,2012-05-31
25-085-05071-00-00,0,False,2012-05-31
25-085-05073-00-00,0,False,2012-09-30
25-085-05077-00-00,0,False,2012-12-31
25-085-05081-00-00,0,False,2012-08-31
25-085-05085-00-00,0,False,2012-06-30
25-085-05086-00-00,1,False,2012-09-30
25-085-05087-00-00,1,False,2012-10-31
25-085-05091-00-00,0,False,2013-01-31
25-085-05099-00-00,0,False,2012-10-31
25-085-05100-00-00,0,False,2012-08-31
25-085-05101-00-00,1,True,2012-10-31
25-085-05104-00-00,0,False,2012-08-31
25-085-05106-00-00,1,False,2012-10-31
25-085-05108-00-00,1,False,2012-09-30
25-085-05112-00-00,0,False,2012-09-30
25-085-05114-00-00,1,False,2013-01-31
25-085-05115-00-00,0,False,2013-03-31
25-085-05118-00-00,0,False,2013-02-28
25-085-05120-00-00,1,False,2013-03-31
25-085-05138-00-00,0,False,2013-02-28
25-085-05139-00-00,1,False,2013-01-31
25-085-05149-00-00,0,False,2013-02-28
25-085-05150-00-00,1,False,2013-11-30
25-085-05154-00-00,1,True,2013-02-28
25-085-05155-00-00,1,False,2013-01-31
25-085-05163-00-00,1,False,2014-06-30
25-085-05168-00-00,1,False,2013-03-31
25-085-05190-00-00,1,False,2013-11-30
25-085-05231-00-00,0,False,2013-04-30
25-085-05251-00-00,0,False,2013-04-30
25-085-05255-00-00,1,True,2013-04-30
25-085-08009-00-00,1,False,2013-05-31
25-085-21064-00-00,1,False,2013-05-31
25-085-21091-00-00,0,False,2013-05-31
25-085-21105-00-00,0,False,2013-05-31
25-085-21114-00-00,0,False,2013-10-31
25-085-21124-00-00,1,False,2013-05-31
25-085-21129-00-00,0,False,2014-02-28
25-085-21163-00-00,0,False,2014-03-31
25-085-21173-00-00,1,False,2013-10-31
25-085-21177-00-00,0,False,2013-10-31
25-085-21182-00-00,1,False,2013-10-31
25-085-21206-00-00,0,False,2013-07-31
25-085-21212-00-00,0,False,2013-12-31
25-085-21228-00-00,0,False,2013-12-31
25-085-21231-00-00,0,False,2013-09-30
25-085-21240-00-00,0,False,2013-11-30
25-085-21247-00-00,0,False,2013-09-30
25-085-21256-00-00,1,False,2015-01-31
25-085-21262-00-00,0,False,2013-10-31
25-085-21272-00-00,0,False,2013-11-30
25-085-21277-00-00,0,False,2014-06-30
25-085-21307-00-00,0,False,2014-05-31
25-085-21315-00-00,1,False,2014-06-30
25-085-21316-00-00,1,False,2014-06-30
25-085-21372-00-00,1,False,2014-05-31
25-085-21375-00-00,0,False,2014-06-30
25-085-21460-00-00,0,False,2013-12-31
25-085-21473-00-00,0,False,2014-07-31
25-085-21476-00-00,0,False,2014-10-31
25-085-21518-00-00,0,False,2014-07-31
25-085-21538-00-00,0,False,2014-05-31
25-085-21568-00-00,0,False,2014-05-31
25-085-21570-00-00,0,False,2015-01-31
25-085-21573-00-00,0,False,2014-10-31
25-085-21590-00-00,0,False,2014-10-31
25-085-21595-00-00,0,False,2014-06-30
25-085-21608-00-00,0,False,2015-02-28
25-085-21624-00-00,0,False,2015-02-28
25-085-21629-00-00,0,False,2014-10-31
25-085-21640-00-00,0,False,2014-10-31
25-085-21643-00-00,0,False,2015-01-31
25-085-21654-00-00,0,False,2015-01-31
25-085-21662-00-00,0,False,2015-02-28
25-085-21666-00-00,0,False,2015-02-28
25-085-21671-00-00,0,False,2018-02-28
25-085-21691-00-00,0,False,2018-02-28
25-085-21695-00-00,0,False,2018-06-30
25-085-21708-00-00,0,False,2019-03-31
25-085-21709-00-00,1,False,2019-03-31
25-085-21713-00-00,1,False,2019-03-31
25-085-21722-00-00,1,False,2019-03-31
25-085-21733-00-00,0,False,2019-02-28
25-085-21734-00-00,0,False,2022-06-30
25-085-21751-00-00,0,False,2022-06-30
25-085-21757-00-00,0,False,2021-01-31
25-085-21772-00-00,0,False,2021-01-31
25-085-21774-00-00,0,False,2022-06-30
25-085-21777-00-00,1,False,2022-06-30
25-085-21778-00-00,0,False,2022-06-30
25-085-21780-00-00,0,False,2022-06-30
25-085-21785-00-00,1,False,2022-06-30
25-085-21791-00-00,0,False,2022-06-30
25-085-21795-00-00,0,False,2022-11-30
25-085-21806-00-00,0,False,2022-11-30
25-085-21809-00-00,0,False,2022-11-30
25-085-21810-00-00,0,False,2024-01-31
25-085-21814-00-00,0,False,2024-01-31
25-085-21832-00-00,0,False,2024-01-31
25-085-21836-00-00,0,False,2023-03-31
25-085-21855-00-00,0,False,2023-03-31
25-085-21860-00-00,0,False,2023-03-31
25-085-21873-00-00,0,False,2023-03-31
25-085-21880-00-00,0,False,2024-08-31
25-085-21884-00-00,0,False,1990-11-30
25-085-21895-00-00,0,False,2013-01-31
25-085-21900-00-00,0,False,1986-01-31
25-085-21901-00-00,0,False,1986-01-31
25-085-21903-00-00,0,False,1987-09-30
25-085-21908-00-00,0,False,1986-01-31
25-085-21912-00-00,0,False,1987-03-31
25-085-21920-00-00,0,False,1986-01-31
25-085-21923-00-00,0,False,1986-01-31
25-085-21924-00-00,0,False,1986-01-31
25-085-21939-00-00,0,False,1988-06-30
25-085-21940-00-00,0,False,1987-01-31
25-085-21949-00-00,0,False,1986-01-31
25-085-21950-00-00,0,False,1986-01-31
25-085-21992-00-00,0,False,1987-07-31
25-085-60004-00-00,0,False,1986-01-31
25-085-60006-00-00,0,False,1987-05-31
25-087-05257-00-00,0,False,1986-01-31
25-087-05280-00-00,1,False,1986-01-31
25-087-05281-00-00,0,False,1991-01-31
25-087-05289-00-00,1,True,1986-01-31
25-087-05290-00-00,0,False,1986-01-31
25-087-05291-00-00,1,False,1991-01-31
25-087-05295-00-00,0,False,1987-01-31
25-087-05296-00-00,0,False,1986-01-31
25-087-05302-00-00,1,False,1987-03-31
25-087-05315-00-00,1,False,1986-01-31
25-087-05318-00-00,1,True,1986-01-31
25-087-05321-00-00,1,False,1986-01-31
25-087-05322-00-00,1,False,1986-01-31
25-087-05326-00-00,1,False,1986-01-31
25-087-05327-00-00,0,False,1986-01-31
25-087-05328-00-00,0,False,1987-02-28
25-087-05329-00-00,1,True,1986-01-31
25-087-05330-00-00,0,False,1986-01-31
25-087-21050-00-00,0,False,1986-01-31
25-087-21069-00-00,0,False,1986-01-31
25-087-21149-00-00,1,False,1986-01-31
25-087-21216-00-00,0,False,1986-01-31
25-087-21261-00-00,0,False,1986-01-31
25-087-21270-00-00,0,False,1986-01-31
25-087-21288-00-00,0,False,1987-03-31
25-087-21305-00-00,0,False,1986-01-31
25-087-21306-00-00,0,False,1987-03-31
25-087-21313-00-00,0,False,1986-01-31
25-087-21326-00-00,0,False,1986-01-31
25-087-21336-00-00,1,False,1987-01-31
25-087-21339-00-00,1,True,1987-06-30
25-087-21479-00-00,0,False,1987-02-28
25-087-21520-00-00,1,False,1986-01-31
25-087-21523-00-00,0,False,1986-01-31
25-087-21527-00-00,0,False,1986-01-31
25-087-21529-00-00,0,False,1986-01-31
25-087-21537-00-00,0,False,1986-01-31
25-087-21540-00-00,1,False,1986-01-31
25-087-21548-00-00,0,False,1986-01-31
25-087-21550-00-00,0,False,1986-01-31
25-087-21612-00-00,0,False,1986-01-31
25-087-21622-00-00,0,False,1986-01-31
25-087-21629-00-00,1,False,1986-01-31
25-087-21651-00-00,0,False,1986-01-31
25-087-21655-00-00,0,False,1986-01-31
25-087-21734-00-00,0,False,1986-01-31
25-087-21738-00-00,0,False,1986-01-31
25-091-05029-00-00,0,False,1986-01-31
25-091-05034-00-00,0,False,1986-01-31
25-091-05036-00-00,0,False,1986-01-31
25-091-05039-00-00,1,False,1986-01-31
25-091-05059-00-00,0,False,1986-01-31
25-091-05106-00-00,1,False,1986-01-31
25-091-05144-00-00,0,False,1986-01-31
25-091-05150-00-00,0,False,1986-01-31
25-091-05156-00-00,1,True,1986-01-31
25-091-05162-00-00,0,False,1986-01-31
25-091-05163-00-00,0,False,1986-01-31
25-091-05170-00-00,0,False,1986-01-31
25-091-05173-00-00,0,False,1986-01-31
25-091-05179-00-00,0,False,1986-01-31
25-091-05182-00-00,1,True,1986-01-31
25-091-05184-00-00,0,False,1986-01-31
25-091-05193-00-00,1,False,1986-01-31
25-091-05194-00-00,1,False,1986-01-31
25-091-05196-00-00,0,False,1986-01-31
25-091-05262-00-00,0,False,1986-01-31
25-091-05264-00-00,1,False,1986-01-31
25-091-05290-00-00,1,True,1986-01-31
25-091-05309-00-00,1,True,1986-01-31
25-091-05315-00-00,0,False,1986-01-31
25-091-05320-00-00,0,False,1986-02-28
25-091-07002-00-00,1,False,1986-03-31
25-091-07008-00-00,0,False,1987-10-31
25-091-21017-00-00,1,False,1990-09-30
25-091-21055-00-00,0,False,1991-02-28
25-091-21068-00-00,1,False,1992-06-30
25-091-21069-00-00,0,False,2006-01-31
25-091-21082-00-00,0,False,1996-05-31
25-091-21105-00-00,0,False,1994-09-30
25-091-21116-00-00,0,False,1995-09-30
25-091-21149-00-00,0,False,1996-10-31
25-091-21155-00-00,1,False,1997-09-30
25-091-21176-00-00,1,True,1997-11-30
25-091-21177-00-00,0,False,1998-07-31
25-091-21192-00-00,0,False,2000-01-31
25-091-21222-00-00,0,False,2000-09-30
25-091-21254-00-00,0,False,2001-10-31
25-091-21267-00-00,0,False,2002-12-31
25-091-21288-00-00,1,True,2003-02-28
25-091-21289-00-00,0,False,2006-06-30
25-091-21307-00-00,1,False,2005-12-31
25-091-21316-00-00,0,False,2007-10-31
25-091-21327-00-00,0,False,2007-07-31
25-091-21338-00-00,0,False,2007-07-31
25-091-21348-00-00,1,True,2008-03-31
25-091-21349-00-00,1,True,2010-04-30
25-091-21350-00-00,1,False,2009-12-31
25-091-21358-00-00,0,False,2010-08-31
25-091-21361-00-00,1,False,2010-11-30
25-091-21374-00-00,0,False,2012-03-31
25-091-21375-00-00,0,False,2012-02-29
25-091-21378-00-00,1,False,2012-07-31
25-091-21409-00-00,0,False,2012-03-31
25-091-21427-00-00,0,False,2011-05-31
25-091-21452-00-00,0,False,2011-10-31
25-091-21478-00-00,0,False,2011-08-31
25-091-21493-00-00,0,False,2011-07-31
25-091-21498-00-00,1,False,2020-05-31
25-091-21514-00-00,0,False,2011-11-30
25-091-21521-00-00,0,False,2011-10-31
25-091-21550-00-00,0,False,2011-12-31
25-091-21570-00-00,0,False,2012-05-31
25-091-21576-00-00,0,False,2012-06-30
25-091-21592-00-00,1,False,2012-04-30
25-091-21598-00-00,0,False,2012-06-30
25-091-21604-00-00,0,False,2012-09-30
25-091-21613-00-00,0,False,2012-07-31
25-091-21623-00-00,0,False,2013-01-31
25-091-21630-00-00,0,False,2013-02-28
25-091-21631-00-00,0,False,2013-01-31
25-091-21662-00-00,0,False,2013-03-31
25-091-21664-00-00,0,False,2015-01-31
25-091-21689-00-00,0,False,2015-02-28
25-091-21691-00-00,0,False,2015-02-28
25-091-21704-00-00,0,False,2015-11-30
25-091-21712-00-00,0,False,2013-07-31
25-091-21714-00-00,0,False,2014-05-31
25-091-21723-00-00,0,False,2014-09-30
25-091-21724-00-00,0,False,2014-01-31
25-091-21738-00-00,0,False,2014-02-28
25-091-21739-00-00,0,False,2014-04-30
25-091-21763-00-00,0,False,2015-02-28
25-091-21768-00-00,0,False,2015-02-28
25-091-21776-00-00,0,False,2018-05-31
25-091-21777-00-00,1,False,2021-12-31
25-091-21784-00-00,0,False,2022-06-30
25-091-21785-00-00,0,False,2022-03-31
25-091-21790-00-00,0,False,2024-11-30
25-091-21792-00-00,0,False,2024-11-30
25-091-21793-00-00,0,False,2025-07-31
25-091-21844-00-00,0,False,2025-07-31
25-091-21857-00-00,0,False,2025-07-31
25-091-21883-00-00,0,False,2025-07-31
25-091-21910-00-00,0,False,1986-01-31
25-091-21920-00-00,0,False,1986-01-31
25-091-21933-00-00,0,False,1986-01-31
25-091-21942-00-00,0,False,1986-01-31
25-091-21945-00-00,1,False,1986-01-31
25-095-05167-00-00,1,False,1986-01-31
25-095-21265-00-00,0,False,1987-06-30
25-095-21275-00-00,0,False,1986-01-31
25-095-21279-00-00,0,False,1987-12-31
25-095-21283-00-00,1,False,1986-01-31
25-099-05072-00-00,1,False,1986-01-31
25-099-05204-00-00,1,False,1991-01-31
25-099-05205-00-00,1,False,1986-01-31
25-099-05286-00-00,0,False,1986-01-31
25-099-05296-00-00,0,False,1986-01-31
25-099-05306-00-00,0,False,1986-01-31
25-099-05308-00-00,1,False,1986-01-31
25-099-05310-00-00,1,False,1986-01-31
25-099-05311-00-00,1,False,1986-07-31
25-099-05317-00-00,1,False,1986-01-31
25-099-05320-00-00,1,False,1986-01-31
25-099-05341-00-00,1,False,1986-01-31
25-099-05357-00-00,1,False,1986-01-31
25-099-05414-00-00,1,False,1986-01-31
25-099-05416-00-00,1,False,1991-01-31
25-099-05417-00-00,0,False,1991-01-31
25-099-08022-00-00,0,False,1988-09-30
25-099-21019-00-00,1,False,1986-01-31
25-099-21035-00-00,1,False,1986-01-31
25-099-21056-00-00,0,False,1986-01-31
25-099-21057-00-00,1,False,1986-01-31
25-099-21060-00-00,0,False,1986-01-31
25-099-21068-00-00,1,False,1986-01-31
25-099-21094-00-00,1,False,1986-01-31
25-099-21100-00-00,1,False,1986-01-31
25-099-21105-00-00,1,False,1987-06-30
25-099-21121-00-00,1,False,1986-01-31
25-099-21123-00-00,1,False,1986-01-31
25-099-21124-00-00,0,False,1986-01-31
25-099-21148-00-00,0,False,1986-01-31
25-099-21170-00-00,1,False,1986-01-31
25-099-21212-00-00,0,False,1986-01-31
25-099-21221-00-00,1,False,1986-01-31
25-099-21223-00-00,0,False,1986-01-31
25-099-21228-00-00,1,False,1997-07-31
25-099-21230-00-00,0,False,1986-01-31
25-099-21235-00-00,0,False,1989-01-31
25-099-21258-00-00,0,False,1990-12-31
25-099-21267-00-00,1,False,1992-10-31
25-099-21270-00-00,0,False,1998-11-30
25-099-21277-00-00,0,False,2001-04-30
25-099-21281-00-00,0,False,2012-08-31
25-099-21312-00-00,1,False,2012-10-31
25-099-21313-00-00,0,False,2021-03-31
25-099-60005-00-00,1,False,1986-01-31
25-099-60014-00-00,1,False,1986-01-31
25-101-05005-00-00,1,False,1986-01-31
25-101-05352-00-00,0,False,1986-01-31
25-101-05376-00-00,1,False,1986-01-31
25-101-05401-00-00,1,False,1986-01-31
25-101-05429-00-00,0,False,1986-01-31
25-101-05438-00-00,0,False,1986-01-31
25-101-05439-00-00,1,False,1986-01-31
25-101-05452-00-00,1,False,1995-12-31
25-101-05454-00-00,0,False,1986-01-31
25-101-05546-00-00,0,False,1986-01-31
25-101-05649-00-00,1,False,1986-01-31
25-101-05659-00-00,1,False,1986-01-31
25-101-05667-00-00,1,False,1986-01-31
25-101-05710-00-00,1,False,1986-01-31
25-101-05715-00-00,1,False,1986-01-31
25-101-05728-00-00,1,True,1986-01-31
25-101-05734-00-00,1,False,1986-01-31
25-101-05736-00-00,1,False,1996-02-29
25-101-05737-00-00,1,False,1991-07-31
25-101-05742-00-00,0,False,1986-01-31
25-101-05744-00-00,0,False,1986-01-31
25-101-05754-00-00,1,False,1986-01-31
25-101-05755-00-00,1,False,1986-01-31
25-101-05758-00-00,1,False,1986-01-31
25-101-05759-00-00,1,False,1986-01-31
25-101-05760-00-00,1,False,1988-10-31
25-101-05764-00-00,1,False,1986-01-31
25-101-05779-00-00,1,False,1986-01-31
25-101-05783-00-00,1,False,1986-01-31
25-101-05784-00-00,1,False,1986-01-31
25-101-05788-00-00,0,False,1986-01-31
25-101-05793-00-00,0,False,1986-01-31
25-101-05796-00-00,1,False,1986-01-31
25-101-05818-00-00,0,False,1986-01-31
25-101-05824-00-00,0,False,1986-01-31
25-101-05849-00-00,0,False,1986-01-31
25-101-05869-00-00,0,False,1987-01-31
25-101-05872-00-00,1,False,1986-01-31
25-101-05873-00-00,0,False,1986-01-31
25-101-05874-00-00,1,False,1986-01-31
25-101-05891-00-00,0,False,1986-01-31
25-101-05912-00-00,0,False,1986-01-31
25-101-05925-00-00,1,False,1986-01-31
25-101-05950-00-00,1,False,1987-01-31
25-101-05963-00-00,1,False,2006-02-28
25-101-05975-00-00,0,False,1986-01-31
25-101-05980-00-00,0,False,1986-01-31
25-101-05984-00-00,1,False,1986-01-31
25-101-05986-00-00,1,False,1986-01-31
25-101-05990-00-00,1,False,1986-01-31
25-101-05993-00-00,1,False,1986-01-31
25-101-06000-00-00,0,False,1986-01-31
25-101-06009-00-00,1,False,1986-01-31
25-101-06015-00-00,1,False,1986-01-31
25-101-06019-00-00,0,False,1986-01-31
25-101-06025-00-00,0,False,1986-01-31
25-101-06038-00-00,1,False,1986-01-31
25-101-06040-00-00,1,False,1988-06-30
25-101-06113-00-00,0,False,1986-01-31
25-101-06118-00-00,0,False,1986-01-31
25-101-06137-00-00,1,False,1986-01-31
25-101-06162-00-00,0,False,1986-01-31
25-101-06170-00-00,0,False,1986-01-31
25-101-06171-00-00,1,False,1986-01-31
25-101-06177-00-00,0,False,1986-01-31
25-101-06181-00-00,1,False,1986-01-31
25-101-06191-00-00,1,False,1986-01-31
25-101-06220-00-00,0,False,1986-01-31
25-101-06237-00-00,1,False,1986-01-31
25-101-06253-00-00,0,False,1986-01-31
25-101-06269-00-00,0,False,1986-01-31
25-101-06271-00-00,1,False,1986-01-31
25-101-06282-00-00,1,False,1986-01-31
25-101-06291-00-00,0,False,1986-01-31
25-101-06294-00-00,1,False,1986-01-31
25-101-06298-00-00,1,False,1986-01-31
25-101-06310-00-00,1,False,1986-01-31
25-101-06320-00-00,1,False,1986-01-31
25-101-06355-00-00,0,False,1986-01-31
25-101-06356-00-00,0,False,1986-01-31
25-101-06360-00-00,0,False,1986-02-28
25-101-06362-00-00,0,False,1986-12-31
25-101-06363-00-00,0,False,1987-05-31
25-101-06370-00-00,0,False,1987-11-30
25-101-06388-00-00,1,False,1988-08-31
25-101-06409-00-00,1,False,1988-08-31
25-101-06425-00-00,0,False,1989-05-31
25-101-06427-00-00,0,False,1990-10-31
25-101-06439-00-00,1,False,1991-04-30
25-101-06441-00-00,0,False,1995-12-31
25-101-06442-00-00,1,False,1995-12-31
25-101-06445-00-00,0,False,1996-08-31
25-101-06449-00-00,1,False,1997-05-31
25-101-06481-00-00,1,False,1997-07-31
25-101-06482-00-00,1,False,1998-04-30
25-101-06522-00-00,0,False,1997-10-31
25-101-06539-00-00,0,False,1998-01-31
25-101-06554-00-00,0,False,2005-09-30
25-101-06594-00-00,1,False,2001-02-28
25-101-06609-00-00,1,False,2002-01-31
25-101-06625-00-00,0,False,2003-09-30
25-101-06626-00-00,1,False,2003-11-30
25-101-06627-00-00,1,False,2004-09-30
25-101-06633-00-00,1,False,2004-09-30
25-101-06646-00-00,1,False,2004-12-31
25-101-06659-00-00,1,False,2005-04-30
25-101-06668-00-00,1,False,2005-05-31
25-101-06671-00-00,1,False,2005-04-30
25-101-06683-00-00,1,False,2006-01-31
25-101-06690-00-00,1,False,2007-10-31
25-101-06692-00-00,0,False,2008-07-31
25-101-06698-00-00,1,False,2012-01-31
25-101-06705-00-00,1,False,2012-08-31
25-101-06711-00-00,0,False,2012-09-30
25-101-06718-00-00,1,False,2012-11-30
25-101-06720-00-00,1,False,2013-03-31
25-101-06728-00-00,1,False,2013-04-30
25-101-06736-00-00,1,False,2014-11-30
25-101-06771-00-00,1,False,2015-10-31
25-101-06782-00-00,0,False,2023-11-30
25-101-06793-00-00,0,False,1986-01-31
25-101-06825-00-00,1,False,2007-12-31
25-101-06827-00-00,0,False,2010-09-30
25-101-06828-00-00,1,False,2012-10-31
25-101-06856-00-00,0,False,2013-09-30
25-101-06859-00-00,0,False,1986-01-31
25-101-06864-00-00,0,False,1989-10-31
25-101-06866-00-00,0,False,1986-04-30
25-101-06867-00-00,0,False,1986-07-31
25-101-06882-00-00,1,True,1986-01-31
25-101-06886-00-00,1,False,1986-01-31
25-101-06899-00-00,0,False,1986-01-31
25-101-06907-00-00,1,False,1986-12-31
25-101-06911-00-00,0,False,1986-08-31
25-101-06949-00-00,1,False,1986-01-31
25-101-06960-00-00,1,False,1986-01-31
25-101-06986-00-00,1,False,1986-01-31
25-101-07100-00-00,0,False,1986-01-31
25-101-07111-00-00,0,False,1986-10-31
25-101-07113-00-00,0,False,1986-04-30
25-101-07145-00-00,0,False,1986-04-30
25-101-07207-00-00,1,False,1986-01-31
25-101-07211-00-00,1,False,1986-01-31
25-101-07380-00-00,0,False,1986-07-31
25-101-07397-00-00,1,False,1991-05-31
25-101-07426-00-00,0,False,1986-01-31
25-101-07467-00-00,1,False,1986-01-31
25-101-07518-00-00,0,False,1986-02-28
25-101-07519-00-00,1,False,1986-01-31
25-101-07530-00-00,0,False,1986-08-31
25-101-07534-00-00,0,False,1986-01-31
25-101-07542-00-00,0,False,1986-01-31
25-101-07562-00-00,1,False,1986-05-31
25-101-07609-00-00,0,False,1986-01-31
25-101-07610-00-00,1,True,1986-01-31
25-101-07619-00-00,0,False,1986-01-31
25-101-07629-00-00,0,False,1986-06-30
25-101-08636-00-00,1,False,1986-01-31
25-101-08642-00-00,0,False,1986-01-31
25-101-09706-00-00,0,False,1986-01-31
25-101-09720-00-00,0,False,1986-03-31
25-101-09738-00-00,1,False,1986-01-31
25-101-09739-00-00,0,False,1986-05-31
25-101-09740-00-00,0,False,1986-08-31
25-101-09781-00-00,1,False,1986-01-31
25-101-09833-00-00,0,False,1986-01-31
25-101-09855-00-00,0,False,1988-04-30
25-101-09862-00-00,0,False,1988-04-30
25-101-09863-00-00,0,False,1989-03-31
25-101-09864-00-00,1,False,1988-10-31
25-101-09865-00-00,0,False,2009-12-31
25-101-09866-00-00,0,False,2009-10-31
25-101-09867-00-00,0,False,1986-01-31
25-101-09868-00-00,0,False,1986-01-31
25-101-09870-00-00,1,False,1986-01-31
25-101-09885-00-00,0,False,1986-01-31
25-101-09886-00-00,1,False,1991-01-31
25-101-09887-00-00,1,False,1986-01-31
25-101-09889-00-00,0,False,1999-09-30
25-101-09890-00-00,0,False,1999-09-30
25-101-09891-00-00,0,False,1991-01-31
25-101-09892-00-00,0,False,1986-01-31
25-101-09894-00-00,0,False,1990-07-31
25-101-09896-00-00,1,False,1986-08-31
25-101-09897-00-00,0,False,1987-05-31
25-101-09899-00-00,1,False,2000-01-31
25-101-09900-00-00,1,False,1987-06-30
25-101-09901-00-00,1,False,1986-06-30
25-101-09902-00-00,1,False,1986-06-30
25-101-09903-00-00,0,False,1986-06-30
25-101-09904-00-00,0,False,1986-06-30
25-101-09905-00-00,0,False,1986-01-31
25-101-09907-00-00,0,False,1991-01-31
25-101-09908-00-00,0,False,1986-05-31
25-101-09909-00-00,0,False,1986-02-28
25-101-09910-00-00,0,False,1991-01-31
25-101-09911-00-00,0,False,1986-04-30
25-101-09912-00-00,1,False,1986-01-31
25-101-09913-00-00,1,False,2013-09-30
25-101-09914-00-00,0,False,1986-02-28
25-101-09915-00-00,0,False,1986-01-31
25-101-09916-00-00,0,False,1986-01-31
25-101-09917-00-00,0,False,1991-01-31
25-101-09919-00-00,0,False,1986-01-31
25-101-09920-00-00,1,False,1986-01-31
25-101-09921-00-00,0,False,1986-05-31
25-101-09922-00-00,0,False,1986-01-31
25-101-09923-00-00,0,False,1986-01-31
25-101-09924-00-00,0,False,1986-01-31
25-101-09925-00-00,0,False,1986-02-28
25-101-09926-00-00,0,False,1986-02-28
25-101-09927-00-00,0,False,1986-01-31
25-101-09929-00-00,0,False,1986-02-28
25-101-09930-00-00,0,False,1986-01-31
25-101-09931-00-00,0,False,1986-02-28
25-101-09933-00-00,0,False,1986-01-31
25-101-09934-00-00,0,False,1986-01-31
25-101-09935-00-00,0,False,1986-08-31
25-101-09936-00-00,0,False,1988-05-31
25-101-09938-00-00,0,False,1986-02-28
25-101-09939-00-00,0,False,1986-01-31
25-101-09940-00-00,0,False,1986-01-31
25-101-09941-00-00,1,False,1986-01-31
25-101-09943-00-00,1,False,1986-01-31
25-101-09944-00-00,1,False,1986-01-31
25-101-09945-00-00,0,False,1986-01-31
25-101-09946-00-00,1,False,1991-11-30
25-101-09947-00-00,1,False,1986-01-31
25-101-09948-00-00,0,False,1986-01-31
25-101-09949-00-00,0,False,1986-01-31
25-101-09962-00-00,1,False,1986-01-31
25-101-09963-00-00,1,False,1986-01-31
25-101-09990-00-00,1,False,2023-11-30
25-101-10020-00-00,1,False,1986-01-31
25-101-10023-00-00,1,False,1986-01-31
25-101-10024-00-00,1,False,1986-01-31
25-101-10026-00-00,1,False,1986-01-31
25-101-10027-00-00,1,False,1986-01-31
25-101-10058-00-00,0,False,1986-07-31
25-101-10061-00-00,1,False,1989-05-31
25-101-10068-00-00,0,False,1986-01-31
25-101-10069-00-00,0,False,1987-06-30
25-101-10070-00-00,0,False,1986-09-30
25-101-10072-00-00,1,False,1989-08-31
25-101-10073-00-00,1,False,1986-01-31
25-101-10074-00-00,1,False,1986-01-31
25-101-10075-00-00,1,False,1986-01-31
25-101-10077-00-00,1,False,1986-01-31
25-101-10086-00-00,1,False,1986-01-31
25-101-10087-00-00,1,False,1986-01-31
25-101-10089-00-00,0,False,1986-02-28
25-101-10092-00-00,0,False,1986-01-31
25-101-10128-00-00,1,False,1986-07-31
25-101-10139-00-00,0,False,1986-01-31
25-101-10140-00-00,1,False,1986-01-31
25-101-10141-00-00,0,False,1986-01-31
25-101-10142-00-00,1,False,1986-04-30
25-101-10150-00-00,1,False,1986-01-31
25-101-10152-00-00,0,False,1986-04-30
25-101-10154-00-00,1,False,1986-01-31
25-101-10183-00-00,0,False,1992-07-31
25-101-10188-00-00,0,False,1986-01-31
25-101-10189-00-00,0,False,1991-01-31
25-101-10193-00-00,1,False,1991-06-30
25-101-10194-00-00,0,False,1986-01-31
25-101-10195-00-00,0,False,1986-01-31
25-101-10214-00-00,1,False,1986-01-31
25-101-10215-00-00,1,True,1988-09-30
25-101-10216-00-00,1,False,1986-01-31
25-101-10217-00-00,1,True,1991-01-31
25-101-10218-00-00,1,False,1988-01-31
25-101-10219-00-00,0,False,1988-10-31
25-101-10220-00-00,0,False,1988-09-30
25-101-10238-00-00,0,False,1990-04-30
25-101-10250-00-00,0,False,1986-01-31
25-101-10264-00-00,0,False,1986-03-31
25-101-10265-00-00,1,False,1986-02-28
25-101-10266-00-00,0,False,1986-01-31
25-101-10307-00-00,1,False,1986-01-31
25-101-10310-00-00,1,False,1991-01-31
25-101-10371-00-00,1,False,1986-06-30
25-101-10632-00-00,1,False,1986-02-28
25-101-10664-00-00,0,False,1988-02-29
25-101-10984-00-00,0,False,1988-06-30
25-101-21001-00-00,0,False,1986-01-31
25-101-21075-00-00,1,False,1986-06-30
25-101-21099-00-00,0,False,1988-06-30
25-101-21133-00-00,1,False,1996-05-31
25-101-21206-00-00,1,False,1988-04-30
25-101-21359-00-00,1,False,1986-06-30
25-101-21378-00-00,1,False,1986-03-31
25-101-21385-00-00,1,False,1986-06-30
25-101-21398-00-00,0,False,1986-06-30
25-101-21449-00-00,0,False,1986-03-31
25-101-21588-00-00,0,False,1986-01-31
25-101-21590-00-00,0,False,1996-06-30
25-101-21719-00-00,1,False,1986-01-31
25-101-21749-00-00,0,False,1986-01-31
25-101-21844-00-00,1,False,1996-07-31
25-101-21868-00-00,0,False,1986-01-31
25-101-21907-00-00,0,False,1992-04-30
25-101-21908-00-00,0,False,1986-01-31
25-101-21909-00-00,0,False,1986-01-31
25-101-21910-00-00,0,False,1986-01-31
25-101-21922-00-00,1,False,1986-01-31
25-101-21927-00-00,1,False,1986-01-31
25-101-21930-00-00,1,False,1992-05-31
25-101-21983-00-00,0,False,1992-05-31
25-101-22106-00-00,0,False,1986-01-31
25-101-22124-00-00,1,False,1986-01-31
25-101-22190-00-00,0,False,1986-01-31
25-101-22191-00-00,0,False,1986-01-31
25-101-22192-00-00,0,False,1986-01-31
25-101-22193-00-00,0,False,1986-03-31
25-101-22194-00-00,0,False,1986-01-31
25-101-22195-00-00,0,False,1986-01-31
25-101-22218-00-00,0,False,1986-01-31
25-101-22298-00-00,1,False,1986-01-31
25-101-22320-00-00,0,False,1986-01-31
25-101-22339-00-00,0,False,1986-05-31
25-101-22340-00-00,0,False,1986-01-31
25-101-22341-00-00,0,False,1986-01-31
25-101-22344-00-00,1,False,1986-03-31
25-101-22345-00-00,1,False,1986-01-31
25-101-22346-00-00,1,False,1986-01-31
25-101-22348-00-00,1,False,1986-01-31
25-101-22349-00-00,1,False,2014-08-31
25-101-22350-00-00,1,False,1986-01-31
25-101-22351-00-00,0,False,1986-01-31
25-101-22356-00-00,1,False,1986-01-31
25-101-22413-00-00,1,False,1986-01-31
25-101-22415-00-00,0,False,1986-01-31
25-101-22423-00-00,1,False,1986-01-31
25-101-22425-00-00,1,False,1986-01-31
25-101-22433-00-00,0,False,1986-01-31
25-101-22435-00-00,1,False,1986-01-31
25-101-22452-00-00,0,False,1986-01-31
25-101-22485-00-00,1,False,1986-05-31
25-101-22495-00-00,0,False,2009-03-31
25-101-22514-00-00,0,False,1986-01-31
25-101-22518-00-00,1,False,1986-01-31
25-101-22522-00-00,1,False,1986-01-31
25-101-22523-00-00,0,False,2016-07-31
25-101-22524-00-00,0,False,1986-06-30
25-101-22525-00-00,1,False,1986-01-31
25-101-22529-00-00,0,False,1986-01-31
25-101-22542-00-00,1,False,1986-01-31
25-101-22543-00-00,1,False,1988-05-31
25-101-22551-00-00,0,False,1988-05-31
25-101-22556-00-00,0,False,1986-02-28
25-101-22558-00-00,0,False,1986-04-30
25-101-22559-00-00,0,False,1986-02-28
25-101-22568-00-00,0,False,1986-06-30
25-101-22569-00-00,0,False,1986-01-31
25-101-22573-00-00,0,False,1988-04-30
25-101-22577-00-00,1,False,1991-01-31
25-101-22579-00-00,0,False,1991-01-31
25-101-22580-00-00,0,False,1986-01-31
25-101-22581-00-00,1,False,1988-06-30
25-101-22588-00-00,0,False,1986-02-28
25-101-22593-00-00,1,False,1986-05-31
25-101-22594-00-00,1,False,1988-06-30
25-101-22596-00-00,1,False,1987-09-30
25-101-22600-00-00,1,False,1986-02-28
25-101-22618-00-00,0,False,1986-05-31
25-101-22622-00-00,1,False,1986-01-31
25-101-22628-00-00,0,False,1988-06-30
25-101-22632-00-00,0,False,1986-01-31
25-101-22643-00-00,0,False,1989-11-30
25-101-22645-00-00,0,False,1986-01-31
25-101-22646-00-00,1,False,1986-01-31
25-101-22647-00-00,0,False,1986-01-31
25-101-22668-00-00,0,False,1986-01-31
25-101-22676-00-00,1,False,1986-01-31
25-101-22678-00-00,1,False,1986-01-31
25-101-22684-00-00,1,False,1986-01-31
25-101-22686-00-00,1,False,1999-01-31
25-101-22691-00-00,1,False,1986-06-30
25-101-22722-00-00,0,False,1986-01-31
25-101-22746-00-00,1,False,1986-02-28
25-101-22780-00-00,1,False,1986-01-31
25-101-22783-00-00,1,False,1986-01-31
25-101-22863-00-00,1,False,1986-01-31
25-101-22865-00-00,0,False,1990-04-30
25-101-22892-00-00,1,False,1986-01-31
25-101-22893-00-00,0,False,1986-01-31
25-101-22919-00-00,0,False,1986-01-31
25-101-22937-00-00,0,False,1986-01-31
25-101-22984-00-00,0,False,1986-01-31
25-101-23044-00-00,0,False,1986-01-31
25-101-23085-00-00,1,False,1986-01-31
25-101-23118-00-00,0,False,1986-01-31
25-101-23139-00-00,0,False,1986-05-31
25-101-23148-00-00,0,False,1986-01-31
25-101-23160-00-00,0,False,1986-01-31
25-101-23170-00-00,0,False,1986-01-31
25-101-23174-00-00,0,False,1986-07-31
25-101-23175-00-00,0,False,1986-01-31
25-101-23176-00-00,1,False,1986-01-31
25-101-23181-00-00,0,False,1986-01-31
25-101-23197-00-00,0,False,1986-01-31
25-101-23271-00-00,0,False,1986-09-30
25-101-23311-00-00,0,False,1988-03-31
25-101-23470-00-00,1,False,1986-02-28
25-101-23500-00-00,0,False,1986-02-28
25-101-23511-00-00,0,False,1987-07-31
25-101-23513-00-00,0,False,1986-02-28
25-101-23514-00-00,0,False,1986-01-31
25-101-23515-00-00,0,False,1986-01-31
25-101-23522-00-00,0,False,1986-01-31
25-101-23620-00-00,1,False,1987-10-31
25-101-23713-00-00,1,False,1986-01-31
25-101-23771-00-00,0,False,1986-01-31
25-101-23926-00-00,0,False,1986-01-31
25-101-24026-00-00,0,False,1986-01-31
25-101-24049-00-00,0,False,1986-01-31
25-101-24095-00-00,0,False,1986-01-31
25-101-24096-00-00,0,False,1991-01-31
25-101-24114-00-00,0,False,1986-01-31
25-101-24135-00-00,1,False,1986-01-31
25-101-24146-00-00,0,False,1986-01-31
25-101-24153-00-00,0,False,1986-01-31
25-101-24206-00-00,1,False,1986-02-28
25-101-24215-00-00,0,False,1986-01-31
25-101-24217-00-00,0,False,1986-01-31
25-101-24220-00-00,0,False,1986-01-31
25-101-24221-00-00,0,False,1988-04-30
25-101-24270-00-00,1,False,1987-04-30
25-101-60003-00-00,0,False,1986-01-31
25-101-60036-00-00,1,True,1991-01-31
25-101-60043-00-00,1,False,1987-11-30
25-101-60044-00-00,1,False,1991-01-31
25-101-60047-00-00,1,False,1986-01-31
25-101-60048-00-00,1,False,1989-04-30
25-101-60073-00-00,1,True,1986-04-30
25-101-60097-00-00,0,False,1991-01-31
25-101-60098-00-00,0,False,1991-01-31
25-101-60132-00-00,0,False,1986-03-31
25-101-60133-00-00,0,False,1991-01-31
25-101-60134-00-00,0,False,1986-01-31
25-101-60135-00-00,0,False,1997-01-31
25-101-60136-00-00,0,False,1986-01-31
25-101-60137-00-00,0,False,1988-03-31
25-101-60138-00-00,0,False,1986-01-31
25-101-60139-00-00,0,False,1986-05-31
25-101-60140-00-00,0,False,1986-01-31
25-101-60141-00-00,0,False,1986-01-31
25-101-60143-00-00,0,False,1986-01-31
25-101-60144-00-00,0,False,1986-02-28
25-101-60145-00-00,0,False,1986-01-31
25-101-60146-00-00,0,False,1986-01-31
25-101-60147-00-00,0,False,1986-03-31
25-101-60148-00-00,0,False,1990-09-30
25-101-60149-00-00,0,False,1987-06-30
25-101-60150-00-00,0,False,2013-09-30
25-101-60151-00-00,0,False,1991-01-31
25-101-60152-00-00,0,False,1989-06-30
25-101-60153-00-00,0,False,1986-06-30
25-101-60154-00-00,0,False,1990-09-30
25-101-60155-00-00,0,False,1987-11-30
25-101-60156-00-00,0,False,1989-01-31
25-101-60157-00-00,0,False,1991-11-30
25-101-60158-00-00,0,False,1991-01-31
25-101-60195-00-00,1,False,2019-10-31
25-101-60250-00-00,1,False,1991-01-31
25-101-60251-00-00,1,False,1986-05-31
25-101-60252-00-00,1,False,1986-03-31
25-101-60253-00-00,1,False,1986-01-31
25-101-60254-00-00,1,False,1986-01-31
25-101-60255-00-00,1,False,1987-11-30
25-101-60256-00-00,1,False,1986-01-31
25-101-60257-00-00,1,False,1992-11-30
25-101-60258-00-00,1,False,1986-01-31
25-101-60259-00-00,1,False,1986-04-30
25-101-60270-00-00,1,False,1988-05-31
25-101-60271-00-00,1,False,1986-03-31
25-105-21235-00-00,0,False,1986-01-31
25-105-21270-00-00,0,False,1993-08-31
25-105-21281-00-00,0,False,1986-01-31
25-105-21282-00-00,0,False,1986-04-30
25-105-21304-00-00,0,False,1986-01-31
25-105-21310-00-00,0,False,1986-01-31
25-105-21311-00-00,0,False,1986-01-31
25-105-21347-00-00,1,True,1986-01-31
25-105-21351-00-00,0,False,1986-01-31
25-105-21375-00-00,0,False,1986-06-30
25-105-21410-00-00,0,False,1986-01-31
25-105-21413-00-00,0,False,1986-01-31
25-105-21417-00-00,0,False,1986-01-31
25-105-21446-00-00,0,False,1986-01-31
25-105-21574-00-00,0,False,1986-01-31
25-105-21576-00-00,0,False,1986-01-31
25-109-21031-00-00,1,False,1986-01-31
25-109-21079-00-00,0,False,1986-01-31
25-111-05162-00-00,1,False,1986-01-31
25-111-05172-00-00,0,False,1986-01-31
25-111-21157-00-00,0,False,1986-01-31
25-111-21160-00-00,0,False,1986-01-31
25-111-21163-00-00,0,False,1986-06-30
25-111-21174-00-00,0,False,1986-04-30
25-111-21176-00-00,0,False,1986-01-31
25-111-21192-00-00,0,False,1986-01-31
25-111-21194-00-00,0,False,1986-01-31
25-111-21271-00-00,0,False,1986-01-31
